func,start,end,request_id,is_cold,container_id,provider.request_id
run_workflow,1657178894.048316,1657178894.05514,d5ebbc7e,,,
auth,1657178892.155816,1657178892.378847,d5ebbc7e,False,57df3eb6,4f9d0867-5f92-4e4e-8ec1-9884a3bf88b3
auth,1657178893.885263,1657178893.929257,8fe2348f,False,57df3eb6,14de00c5-2577-40fe-b5d4-83713b29e84f
run_workflow,1657178894.550049,1657178894.553416,8fe2348f,,,
auth,1657178891.430085,1657178891.575433,a613d83e,False,57df3eb6,e0df3af9-5a71-4f99-8ce0-c1e49625e4a8
run_workflow,1657178893.725987,1657178893.730281,a613d83e,,,
run_workflow,1657178881.012002,1657178881.01716,f6f7e15f,,,
auth,1657178880.257336,1657178880.316262,f6f7e15f,False,4d6b9346,23066f99-3385-49cc-9f4d-0db7bac9b24f
auth,1657178893.43773,1657178893.504441,22c82d84,False,57df3eb6,023758ae-4ac0-4154-b7c2-cb52a0551395
run_workflow,1657178894.373413,1657178894.382816,22c82d84,,,
auth,1657178893.753574,1657178893.838455,09378b09,False,57df3eb6,6fe4927e-1049-45fc-9faa-ead8b1020ab5
run_workflow,1657178894.527663,1657178894.529076,09378b09,,,
run_workflow,1657178881.161945,1657178881.164175,a484a486,,,
auth,1657178880.572432,1657178880.612971,a484a486,False,4d6b9346,1a67ed01-b21f-440b-bd00-43d078c5e6a6
auth,1657178887.495171,1657178887.523183,86e5782c,False,2d6d5854,0e78cfc5-0975-470f-bdde-0e0f463e30b0
run_workflow,1657178887.830442,1657178887.839056,86e5782c,,,
auth,1657178880.674309,1657178880.720244,45d2015e,False,4d6b9346,e6c3595d-5c1e-435a-8df5-33e26e43fd48
run_workflow,1657178881.172554,1657178881.178264,45d2015e,,,
run_workflow,1657178894.289179,1657178894.30633,9855074f,,,
auth,1657178892.91298,1657178892.986056,9855074f,False,57df3eb6,1d50972b-fbb0-438b-ac13-111ec4613f97
auth,1657178893.958844,1657178894.018591,0e834d5c,False,57df3eb6,8eee8434-dcf3-4aef-9a95-a3f0efe6031f
run_workflow,1657178894.614461,1657178894.622147,0e834d5c,,,
run_workflow,1657178880.991832,1657178880.993201,dfea2056,,,
auth,1657178880.105937,1657178880.225522,dfea2056,False,4d6b9346,97912aea-9191-4274-a8cb-5475f956bfd1
run_workflow,1657178880.552543,1657178880.561812,df0ce7ef,,,
auth,1657178878.912167,1657178878.983004,df0ce7ef,False,4d6b9346,87dd00bc-c3ce-49d8-a94f-210fa5cc8827
auth,1657178886.766659,1657178886.807066,799bbf99,False,2d6d5854,b5b42b97-abf4-4961-8c00-ab3ba7ecd3e9
run_workflow,1657178887.413056,1657178887.420307,799bbf99,,,
auth,1657178880.469741,1657178880.537973,7e80d86a,False,4d6b9346,71c97c60-9e82-4558-9884-551ff3d4cd53
run_workflow,1657178881.108364,1657178881.113498,7e80d86a,,,
run_workflow,1657178893.619108,1657178893.62656,67f22c81,,,
auth,1657178891.604901,1657178891.779007,67f22c81,False,57df3eb6,6c9e053d-30e2-4a01-bbfa-87c402fe7c37
run_workflow,1657178880.625979,1657178880.651939,ba80b360,,,
auth,1657178878.992671,1657178879.072755,ba80b360,False,4d6b9346,3f63ba46-0a38-4cc4-97bd-3d7098eaa17b
auth,1657178891.931401,1657178891.966803,4e7c1161,False,57df3eb6,cad09b14-6565-4c4a-bc51-b1e2c96c47ba
run_workflow,1657178894.03349,1657178894.036843,4e7c1161,,,
auth,1657178886.977917,1657178887.078289,f7e8caf7,False,2d6d5854,8578443b-bd4f-4175-82a6-0bb3488efa9c
run_workflow,1657178887.63741,1657178887.638508,f7e8caf7,,,
auth,1657178879.578898,1657178879.685955,12715ea8,False,4d6b9346,4ebba50c-a382-477f-934d-032b341bd186
run_workflow,1657178880.825198,1657178880.827172,12715ea8,,,
run_workflow,1657178887.750071,1657178887.753216,cb34e1d3,,,
auth,1657178887.236574,1657178887.304778,cb34e1d3,False,2d6d5854,9f3833ed-ac9d-49ba-8417-6fe221d9b042
auth,1657178886.910456,1657178886.943441,6cb8e57e,False,2d6d5854,ce60d74f-bbee-4d5e-bf64-563d16a02227
run_workflow,1657178887.608345,1657178887.619764,6cb8e57e,,,
run_workflow,1657178887.767379,1657178887.784259,3ec20a89,,,
auth,1657178887.350331,1657178887.395583,3ec20a89,False,2d6d5854,acd45d20-2371-4638-be85-c10dab57f23d
run_workflow,1657178880.731058,1657178880.739469,21d73528,,,
auth,1657178879.095424,1657178879.157194,21d73528,False,4d6b9346,9bcd32cd-30c2-4961-898a-655b208f904e
auth,1657178891.784335,1657178891.868077,d44a25bb,False,57df3eb6,bc9bbf94-cc67-4e4e-a9e3-17f7a6df08bb
run_workflow,1657178893.858582,1657178893.859859,d44a25bb,,,
run_workflow,1657178894.201676,1657178894.218179,8dc21e16,,,
auth,1657178892.821091,1657178892.889274,8dc21e16,False,57df3eb6,617733c7-3af3-4add-a2f2-64b7ef91a630
auth,1657178887.438394,1657178887.486172,6e0fe5b6,False,2d6d5854,dc90bd51-d7cb-474b-afa9-58c7b8867e17
run_workflow,1657178887.807921,1657178887.814571,6e0fe5b6,,,
run_workflow,1657178894.118085,1657178894.123816,87b19495,,,
auth,1657178892.538129,1657178892.638219,87b19495,False,57df3eb6,3c4b16e5-7b1b-4688-9737-ab13e160e679
auth,1657178892.459321,1657178892.516079,314dd1b1,False,57df3eb6,32750fa3-5ee5-42af-94cb-1290df09e250
run_workflow,1657178894.1007,1657178894.103713,314dd1b1,,,
run_workflow,1657178887.734442,1657178887.735975,821141fb,,,
auth,1657178887.126573,1657178887.203774,821141fb,False,2d6d5854,c2c36aa4-5709-4871-b485-12743b3c14bd
auth,1657178879.695853,1657178879.750686,a1bfa6d4,False,4d6b9346,75e7838e-ac4b-4a8c-8858-13cabf80c3e5
run_workflow,1657178880.835626,1657178880.847983,a1bfa6d4,,,
auth,1657178893.18727,1657178893.413945,4114b2dc,False,57df3eb6,5a2c5b19-117b-4bce-80b4-9a9ccaeec57b
run_workflow,1657178894.338716,1657178894.340841,4114b2dc,,,
auth,1657178886.827204,1657178886.89457,5721bd1c,False,2d6d5854,7de34686-2ab8-41a5-936e-34084847338d
run_workflow,1657178887.536082,1657178887.540974,5721bd1c,,,
auth,1657178887.654946,1657178887.710852,c0d3a8e2,False,2d6d5854,991954ec-4dfd-496f-9a37-5a98504d1ccf
run_workflow,1657178887.873624,1657178887.87765,c0d3a8e2,,,
run_workflow,1657178880.327069,1657178880.348082,334cc39c,,,
auth,1657178878.644112,1657178878.80045,334cc39c,False,4d6b9346,ab4498d0-2a66-4769-a7d5-295017016fb7
run_workflow,1657178894.470185,1657178894.500865,f3678807,,,
auth,1657178893.635279,1657178893.702344,f3678807,False,57df3eb6,62b887ff-eb73-40d6-a941-da0ef53d549f
run_workflow,1657178887.854223,1657178887.856659,4e5e9830,,,
auth,1657178887.551709,1657178887.592719,4e5e9830,False,2d6d5854,ddbdb801-355b-4d0a-8b98-1bd06355c48a
auth,1657178893.52501,1657178893.600881,845fe303,False,57df3eb6,9372b7fd-d6a6-4a8e-94b7-3320683d244a
run_workflow,1657178894.408982,1657178894.411139,845fe303,,,
run_workflow,1657178894.244188,1657178894.254548,beee4d17,,,
auth,1657178893.016161,1657178893.099145,beee4d17,False,57df3eb6,640a4381-5b6a-4cc2-a578-a2ce40b802ba
auth,1657178886.619681,1657178886.747267,a80ee52e,False,2d6d5854,986d5851-0c7d-43a8-b9a2-a6ac7cc93202
run_workflow,1657178887.33138,1657178887.335531,a80ee52e,,,
run_workflow,1657178894.263578,1657178894.27556,55fc7276,,,
auth,1657178893.105698,1657178893.165609,55fc7276,False,57df3eb6,370d3807-bc7f-4d58-8fd7-8df27ddfd9bc
run_workflow,1657178880.447907,1657178880.453234,2563f3de,,,
auth,1657178878.823257,1657178878.882212,2563f3de,False,4d6b9346,00f765f2-756c-4595-88f0-3f8513bd8d17
run_workflow,1657178881.056894,1657178881.060241,f94d5729,,,
auth,1657178880.35998,1657178880.418148,f94d5729,False,4d6b9346,2568d361-0e4c-4945-9e33-1481091fb24a
run_workflow,1657178880.805213,1657178880.812702,7cc3da71,,,
auth,1657178879.423133,1657178879.556687,7cc3da71,False,4d6b9346,fe27a51d-688e-4503-a5a8-7af7cad093ad
auth,1657178879.941181,1657178880.080847,92d2aea6,False,4d6b9346,fe1f061b-fb85-435a-9722-45e23d0e0177
run_workflow,1657178880.937525,1657178880.943806,92d2aea6,,,
run_workflow,1657178894.068565,1657178894.069884,7fc2b2de,,,
auth,1657178892.388051,1657178892.433296,7fc2b2de,False,57df3eb6,70f26509-c7c3-42d9-8901-5393fdf9478f
auth,1657178879.255342,1657178879.386344,7418a9e3,False,4d6b9346,d576b1be-b9de-4025-9533-20047abb7c97
run_workflow,1657178880.7805,1657178880.788182,7418a9e3,,,
auth,1657178892.679477,1657178892.804366,f650fb2b,False,57df3eb6,9383fc06-1d0f-4078-a179-27af23328973
run_workflow,1657178894.142268,1657178894.160892,f650fb2b,,,
run_workflow,1657178893.940708,1657178893.945686,afb5be6a,,,
auth,1657178891.874968,1657178891.927547,afb5be6a,False,57df3eb6,cc88f1bb-d388-413a-8b0d-960116a90a78
run_workflow,1657178880.887069,1657178880.893202,84a4195e,,,
auth,1657178879.777765,1657178879.865918,84a4195e,False,4d6b9346,31cf21fa-45e8-4c7d-a182-4922c330cab7
