func,start,end,is_cold,container_id,rep
process,1652256747.063752,1652256748.064965,True,346eb467,0
process,1652256748.035482,1652256749.037604,True,12a1527d,0
process,1652256748.554678,1652256749.555793,False,d0f3c9d8,0
process,1652256754.024099,1652256755.025228,False,cba460bf,0
generate,1652256746.529635,1652256746.530709,True,0683ab9b,0
process,1652256748.042639,1652256749.043747,False,23ea57cb,0
process,1652256747.02963,1652256748.031707,True,23ea57cb,0
process,1652256749.517303,1652256750.51846,False,cba460bf,0
process,1652256747.081634,1652256748.083671,True,fb85e0c9,0
process,1652256747.102251,1652256748.104333,True,7cc6857f,0
process,1652256750.157928,1652256751.159036,False,23ea57cb,0
process,1652256748.720887,1652256749.722012,False,a914ef32,0
process,1652256752.609252,1652256753.61038,False,a0bc23a5,0
process,1652256750.386011,1652256751.387135,False,a0bc23a5,0
process,1652256749.10237,1652256750.103478,False,23ea57cb,0
process,1652256747.126842,1652256748.128932,True,8f4af7b9,0
process,1652256751.370574,1652256752.371691,False,23ea57cb,0
process,1652256751.583903,1652256752.585022,False,a0bc23a5,0
process,1652256748.197472,1652256749.198593,False,6fab402f,0
process,1652256747.923492,1652256748.925711,True,c629770c,0
process,1652256747.396105,1652256748.398454,True,656d032c,0
process,1652256747.088458,1652256748.090662,True,2c40094c,0
process,1652256753.440764,1652256754.441872,False,a914ef32,0
process,1652256747.041689,1652256748.043891,True,61b5d019,0
process,1652256747.745988,1652256748.748151,True,a0bc23a5,0
process,1652256747.184024,1652256748.18618,True,2f961906,0
process,1652256750.820454,1652256751.82157,False,d0f3c9d8,0
process,1652256750.605523,1652256751.60667,False,cba460bf,0
process,1652256747.132531,1652256748.134605,True,1fcf8913,0
process,1652256752.88024,1652256753.881379,False,cba460bf,0
process,1652256751.819353,1652256752.820497,False,cba460bf,0
process,1652256753.714604,1652256754.715744,False,a0bc23a5,0
process,1652256747.110282,1652256748.112507,True,2860c37d,0
process,1652256748.150542,1652256749.152645,True,6fb9f761,0
process,1652256747.098584,1652256748.100671,True,5dc4aeba,0
process,1652256754.312568,1652256755.313686,False,d0f3c9d8,0
process,1652256749.390301,1652256750.391444,False,6fab402f,0
process,1652256748.932934,1652256749.934054,False,a0bc23a5,0
process,1652256752.080082,1652256753.081198,False,d0f3c9d8,0
process,1652256752.347186,1652256753.348332,False,a914ef32,0
process,1652256748.37825,1652256749.379412,False,cba460bf,0
process,1652256749.938263,1652256750.939379,False,a914ef32,0
process,1652256747.330737,1652256748.333038,True,cba460bf,0
process,1652256747.237863,1652256748.252083,True,936d7d51,0
process,1652256749.740335,1652256750.741486,False,d0f3c9d8,0
process,1652256747.081219,1652256748.083313,True,47310526,0
process,1652256753.144315,1652256754.145427,False,d0f3c9d8,0
process,1652256747.636181,1652256748.638312,True,a914ef32,0
process,1652256747.519822,1652256748.521915,True,d0f3c9d8,0
process,1652256747.147107,1652256748.149258,True,6fab402f,0
process,1652256751.085798,1652256752.086946,False,a914ef32,0
process,1652256775.358559,1652256776.359681,False,346eb467,1
process,1652256775.468721,1652256776.469843,False,2f961906,1
process,1652256769.515894,1652256770.517031,False,1fcf8913,1
process,1652256772.174216,1652256773.175345,False,5dc4aeba,1
process,1652256770.692213,1652256771.693345,False,2860c37d,1
process,1652256769.399751,1652256770.400881,False,cba460bf,1
process,1652256769.576648,1652256770.577847,False,8f4af7b9,1
process,1652256774.226713,1652256775.227847,False,2c40094c,1
process,1652256771.383581,1652256772.38469,False,fb85e0c9,1
process,1652256769.758056,1652256770.759183,False,2c40094c,1
process,1652256775.327205,1652256776.328335,False,2c40094c,1
process,1652256772.362278,1652256773.3634,False,47310526,1
process,1652256769.383059,1652256770.384192,False,d0f3c9d8,1
process,1652256773.968353,1652256774.969459,False,2860c37d,1
process,1652256769.482565,1652256770.483685,False,656d032c,1
process,1652256773.244087,1652256774.245217,False,5dc4aeba,1
process,1652256771.756023,1652256772.757155,False,2860c37d,1
process,1652256769.462405,1652256770.463562,False,c629770c,1
process,1652256775.435507,1652256776.436655,False,1fcf8913,1
process,1652256770.388036,1652256771.38916,False,346eb467,1
process,1652256769.451321,1652256770.453166,False,12a1527d,1
process,1652256773.46545,1652256774.466589,False,47310526,1
process,1652256770.103311,1652256771.104421,False,47310526,1
process,1652256769.420656,1652256770.421779,False,a0bc23a5,1
process,1652256775.406783,1652256776.407913,False,5dc4aeba,1
process,1652256772.788168,1652256773.78929,False,2860c37d,1
process,1652256769.440772,1652256770.44189,False,6fab402f,1
process,1652256770.555909,1652256771.557036,False,1fcf8913,1
process,1652256770.854885,1652256771.856001,False,2c40094c,1
process,1652256775.475893,1652256776.477036,False,8f4af7b9,1
process,1652256775.374729,1652256776.375908,False,47310526,1
process,1652256769.446207,1652256770.447346,False,6fb9f761,1
process,1652256769.857723,1652256770.858839,False,7cc6857f,1
process,1652256769.489668,1652256770.49079,False,936d7d51,1
generate,1652256769.057428,1652256769.057534,False,0683ab9b,1
process,1652256773.015647,1652256774.016775,False,2c40094c,1
process,1652256770.224481,1652256771.225611,False,fb85e0c9,1
process,1652256771.187872,1652256772.189007,False,47310526,1
process,1652256773.729156,1652256774.730254,False,346eb467,1
process,1652256772.591666,1652256773.592858,False,346eb467,1
process,1652256775.421282,1652256776.422397,False,fb85e0c9,1
process,1652256769.43493,1652256770.436045,False,a914ef32,1
process,1652256769.635992,1652256770.637111,False,2860c37d,1
process,1652256771.955964,1652256772.957087,False,2c40094c,1
process,1652256769.439796,1652256770.440914,False,23ea57cb,1
process,1652256769.503618,1652256770.504751,False,2f961906,1
process,1652256771.539127,1652256772.540235,False,346eb467,1
process,1652256775.446674,1652256776.447793,False,7cc6857f,1
process,1652256769.959728,1652256770.960846,False,5dc4aeba,1
process,1652256775.337192,1652256776.339671,False,2860c37d,1
process,1652256771.022386,1652256772.023514,False,5dc4aeba,1
process,1652256795.236049,1652256796.237174,False,a0bc23a5,2
process,1652256798.501979,1652256799.503104,False,6fb9f761,2
process,1652256792.469072,1652256793.470214,False,c629770c,2
process,1652256793.676655,1652256794.677769,False,6fb9f761,2
process,1652256792.39081,1652256793.391922,False,47310526,2
process,1652256792.370056,1652256793.371178,False,1fcf8913,2
process,1652256798.403731,1652256799.404859,False,d0f3c9d8,2
process,1652256796.150703,1652256797.151817,False,a914ef32,2
process,1652256795.92457,1652256796.925718,False,12a1527d,2
process,1652256795.713525,1652256796.714654,False,23ea57cb,2
process,1652256797.138274,1652256798.139447,False,12a1527d,2
process,1652256792.416461,1652256793.417634,False,2860c37d,2
process,1652256796.875624,1652256797.876748,False,23ea57cb,2
process,1652256794.848528,1652256795.849666,False,12a1527d,2
process,1652256798.279238,1652256799.280378,False,12a1527d,2
process,1652256792.886198,1652256793.88733,False,a914ef32,2
process,1652256798.526243,1652256799.527368,False,c629770c,2
process,1652256794.443704,1652256795.444836,False,d0f3c9d8,2
process,1652256792.428727,1652256793.429863,False,2c40094c,2
process,1652256792.48658,1652256793.487713,False,12a1527d,2
process,1652256794.272933,1652256795.274079,False,cba460bf,2
process,1652256792.360097,1652256793.361206,False,7cc6857f,2
process,1652256792.54112,1652256793.542263,False,6fb9f761,2
process,1652256792.992787,1652256793.993922,False,a0bc23a5,2
process,1652256793.669209,1652256794.670333,False,6fab402f,2
process,1652256798.453911,1652256799.455036,False,a914ef32,2
process,1652256795.044145,1652256796.045262,False,a914ef32,2
process,1652256792.453417,1652256793.454533,False,936d7d51,2
process,1652256798.531193,1652256799.532302,False,656d032c,2
process,1652256792.634564,1652256793.635697,False,6fab402f,2
process,1652256794.09606,1652256795.097176,False,a0bc23a5,2
process,1652256796.660245,1652256797.661359,False,d0f3c9d8,2
generate,1652256792.031095,1652256792.031154,False,0683ab9b,2
process,1652256796.366315,1652256797.367449,False,a0bc23a5,2
process,1652256792.349324,1652256793.350525,False,2f961906,2
process,1652256798.473153,1652256799.474276,False,cba460bf,2
process,1652256792.400503,1652256793.401667,False,346eb467,2
process,1652256792.376752,1652256793.377874,False,fb85e0c9,2
process,1652256795.474195,1652256796.475324,False,d0f3c9d8,2
process,1652256793.752861,1652256794.754008,False,12a1527d,2
process,1652256793.907157,1652256794.908324,False,a914ef32,2
process,1652256798.518129,1652256799.51925,False,6fab402f,2
process,1652256792.457582,1652256793.4587,False,656d032c,2
process,1652256798.40349,1652256799.404614,False,23ea57cb,2
process,1652256794.650812,1652256795.651945,False,23ea57cb,2
process,1652256793.114529,1652256794.115662,False,cba460bf,2
process,1652256792.32165,1652256793.322825,False,8f4af7b9,2
process,1652256792.383133,1652256793.384275,False,5dc4aeba,2
process,1652256793.279642,1652256794.280768,False,d0f3c9d8,2
process,1652256798.422487,1652256799.423595,False,a0bc23a5,2
process,1652256792.748011,1652256793.749128,False,23ea57cb,2
process,1652256815.158236,1652256816.159368,False,2c40094c,3
process,1652256820.138509,1652256821.13964,False,1fcf8913,3
process,1652256821.767611,1652256822.768744,False,47310526,3
process,1652256820.381133,1652256821.382262,False,7cc6857f,3
process,1652256815.127972,1652256816.129096,False,d0f3c9d8,3
process,1652256819.633718,1652256820.634839,False,47310526,3
process,1652256816.841156,1652256817.842281,False,7cc6857f,3
process,1652256815.286005,1652256816.287116,False,47310526,3
process,1652256815.628198,1652256816.629306,False,1fcf8913,3
process,1652256822.334413,1652256823.335551,False,1fcf8913,3
process,1652256820.889921,1652256821.891405,False,2860c37d,3
process,1652256815.221293,1652256816.222469,False,346eb467,3
process,1652256816.679405,1652256817.68053,False,1fcf8913,3
process,1652256815.061608,1652256816.062713,False,c629770c,3
process,1652256815.129289,1652256816.130401,False,12a1527d,3
process,1652256817.615519,1652256818.616638,False,fb85e0c9,3
process,1652256815.107625,1652256816.108792,False,a0bc23a5,3
process,1652256815.101264,1652256816.102405,False,a914ef32,3
process,1652256820.654753,1652256821.655867,False,47310526,3
process,1652256819.446004,1652256820.447131,False,2860c37d,3
process,1652256819.136781,1652256820.137906,False,7cc6857f,3
process,1652256823.40665,1652256824.407773,False,1fcf8913,3
process,1652256816.021243,1652256817.022373,False,8f4af7b9,3
process,1652256815.108917,1652256816.110046,False,23ea57cb,3
process,1652256815.080323,1652256816.081466,False,6fb9f761,3
process,1652256816.191431,1652256817.192573,False,2860c37d,3
process,1652256817.014792,1652256818.015911,False,2f961906,3
process,1652256822.0422,1652256823.043369,False,2860c37d,3
process,1652256819.882874,1652256820.883977,False,fb85e0c9,3
process,1652256815.14364,1652256816.144769,False,936d7d51,3
process,1652256818.249589,1652256819.25072,False,2860c37d,3
process,1652256815.029556,1652256816.030694,False,656d032c,3
process,1652256818.681155,1652256819.682284,False,fb85e0c9,3
generate,1652256814.815737,1652256814.815797,False,0683ab9b,3
process,1652256818.437914,1652256819.439024,False,47310526,3
process,1652256817.796641,1652256818.797761,False,1fcf8913,3
process,1652256815.163663,1652256816.164799,False,2860c37d,3
process,1652256817.386829,1652256818.387934,False,47310526,3
process,1652256815.881722,1652256816.882836,False,2f961906,3
process,1652256815.768673,1652256816.769786,False,7cc6857f,3
process,1652256815.524249,1652256816.525382,False,5dc4aeba,3
process,1652256818.025342,1652256819.026472,False,7cc6857f,3
process,1652256817.203972,1652256818.205076,False,2860c37d,3
process,1652256821.454532,1652256822.45565,False,7cc6857f,3
process,1652256818.942102,1652256819.943207,False,1fcf8913,3
process,1652256816.510442,1652256817.511617,False,fb85e0c9,3
process,1652256815.074488,1652256816.075633,False,6fab402f,3
process,1652256815.394948,1652256816.396066,False,fb85e0c9,3
process,1652256821.195411,1652256822.196527,False,1fcf8913,3
process,1652256816.334695,1652256817.335971,False,47310526,3
process,1652256815.079985,1652256816.081125,False,cba460bf,3
process,1652256854.810641,1652256855.811766,False,5dc4aeba,4
process,1652256860.418424,1652256861.419593,False,2f961906,4
process,1652256854.834325,1652256855.835437,False,8f4af7b9,4
process,1652256855.137307,1652256856.138439,False,7cc6857f,4
process,1652256855.559044,1652256856.560188,False,656d032c,4
process,1652256854.729933,1652256855.731068,False,c629770c,4
process,1652256856.190184,1652256857.191313,False,7cc6857f,4
process,1652256854.783852,1652256855.784969,False,2c40094c,4
process,1652256854.727094,1652256855.728216,False,a914ef32,4
process,1652256854.755874,1652256855.756996,False,23ea57cb,4
process,1652256856.923063,1652256857.92417,False,8f4af7b9,4
process,1652256855.48144,1652256856.48257,False,2860c37d,4
process,1652256857.322198,1652256858.32333,False,7cc6857f,4
process,1652256857.738937,1652256858.740072,False,2860c37d,4
process,1652256855.715394,1652256856.716505,False,1fcf8913,4
process,1652256859.641986,1652256860.643104,False,7cc6857f,4
process,1652256854.778019,1652256855.779156,False,936d7d51,4
process,1652256856.031242,1652256857.032373,False,2f961906,4
process,1652256854.653927,1652256855.65507,False,cba460bf,4
process,1652256855.04204,1652256856.043149,False,fb85e0c9,4
process,1652256854.771005,1652256855.772126,False,12a1527d,4
process,1652256861.260688,1652256862.261813,False,8f4af7b9,4
process,1652256859.928345,1652256860.929464,False,2860c37d,4
process,1652256858.203706,1652256859.204846,False,2f961906,4
process,1652256859.395294,1652256860.396438,False,2f961906,4
process,1652256858.893863,1652256859.895022,False,2860c37d,4
process,1652256857.114847,1652256858.115979,False,2f961906,4
process,1652256858.644878,1652256859.646015,False,47310526,4
process,1652256857.520702,1652256858.521852,False,47310526,4
process,1652256862.10548,1652256863.106605,False,2860c37d,4
process,1652256860.173359,1652256861.174906,False,8f4af7b9,4
process,1652256855.856686,1652256856.857824,False,8f4af7b9,4
process,1652256860.972994,1652256861.9741,False,2860c37d,4
process,1652256854.716467,1652256855.717573,False,a0bc23a5,4
process,1652256854.736632,1652256855.737751,False,6fab402f,4
generate,1652256854.321112,1652256854.321174,False,0683ab9b,4
process,1652256856.578448,1652256857.580646,False,656d032c,4
process,1652256854.714245,1652256855.715359,False,d0f3c9d8,4
process,1652256861.845589,1652256862.846719,False,7cc6857f,4
process,1652256860.695187,1652256861.696319,False,7cc6857f,4
process,1652256856.722379,1652256857.723518,False,2860c37d,4
process,1652256861.544243,1652256862.545374,False,2f961906,4
process,1652256854.655425,1652256855.656539,False,1fcf8913,4
process,1652256857.977029,1652256858.978207,False,8f4af7b9,4
process,1652256858.406597,1652256859.407723,False,7cc6857f,4
process,1652256854.751275,1652256855.752403,False,6fb9f761,4
process,1652256854.935689,1652256855.936807,False,2f961906,4
process,1652256855.269002,1652256856.270109,False,47310526,4
process,1652256859.152761,1652256860.153868,False,8f4af7b9,4
process,1652256854.799412,1652256855.80051,False,346eb467,4
process,1652256856.396544,1652256857.397689,False,47310526,4
process,1652256877.837485,1652256878.838639,False,2f961906,5
process,1652256882.786714,1652256883.787843,False,a0bc23a5,5
process,1652256878.004397,1652256879.005535,False,6fb9f761,5
process,1652256880.864393,1652256881.86553,False,f49449e2,5
process,1652256877.729664,1652256878.730771,False,2860c37d,5
process,1652256879.591502,1652256880.592621,False,d0f3c9d8,5
process,1652256878.033858,1652256879.035495,False,a914ef32,5
process,1652256879.26442,1652256880.265539,False,a0bc23a5,5
process,1652256885.933298,1652256886.934485,False,f49449e2,5
process,1652256885.88588,1652256886.88701,False,d0f3c9d8,5
process,1652256877.746942,1652256878.748069,False,7cc6857f,5
process,1652256879.800612,1652256880.801741,False,f49449e2,5
process,1652256877.894958,1652256878.896094,False,656d032c,5
process,1652256883.983622,1652256884.984754,False,a0bc23a5,5
process,1652256877.932714,1652256878.933847,False,5dc4aeba,5
process,1652256878.734068,1652256879.73623,True,f49449e2,5
generate,1652256877.229672,1652256877.229733,False,0683ab9b,5
process,1652256881.089394,1652256882.090513,False,656d032c,5
process,1652256877.962453,1652256878.963561,False,2c40094c,5
process,1652256882.296915,1652256883.298068,False,656d032c,5
process,1652256877.978598,1652256878.979716,False,12a1527d,5
process,1652256878.021246,1652256879.02237,False,c629770c,5
process,1652256880.205459,1652256881.206586,False,a914ef32,5
process,1652256878.426399,1652256879.427536,False,cba460bf,5
process,1652256877.886656,1652256878.887796,False,47310526,5
process,1652256880.413935,1652256881.415044,False,a0bc23a5,5
process,1652256881.779811,1652256882.780923,False,d0f3c9d8,5
process,1652256877.903658,1652256878.90479,False,1fcf8913,5
process,1652256882.021124,1652256883.022247,False,f49449e2,5
process,1652256884.44233,1652256885.443448,False,d0f3c9d8,5
process,1652256881.536609,1652256882.537731,False,a0bc23a5,5
process,1652256878.009579,1652256879.010706,False,6fab402f,5
process,1652256882.538987,1652256883.540123,False,a914ef32,5
process,1652256881.311473,1652256882.312593,False,a914ef32,5
process,1652256878.295985,1652256879.297108,False,d0f3c9d8,5
process,1652256878.145462,1652256879.146578,False,a0bc23a5,5
process,1652256883.301272,1652256884.302392,False,d0f3c9d8,5
process,1652256877.910655,1652256878.911761,False,fb85e0c9,5
process,1652256883.591843,1652256884.592975,False,a914ef32,5
process,1652256877.845321,1652256878.846436,False,8f4af7b9,5
process,1652256877.952317,1652256878.953486,False,346eb467,5
process,1652256880.627302,1652256881.628422,False,d0f3c9d8,5
process,1652256877.965825,1652256878.966953,False,936d7d51,5
process,1652256879.09281,1652256880.093935,False,a914ef32,5
process,1652256878.917709,1652256879.918836,False,656d032c,5
process,1652256880.011738,1652256881.012853,False,656d032c,5
process,1652256879.438633,1652256880.43977,False,cba460bf,5
process,1652256884.153367,1652256885.154481,False,f49449e2,5
process,1652256877.989244,1652256878.990367,False,23ea57cb,5
process,1652256878.593101,1652256879.594219,False,61b5d019,5
process,1652256883.065668,1652256884.066981,False,f49449e2,5
process,1652256900.569049,1652256901.570176,False,cba460bf,6
process,1652256903.914424,1652256904.91554,False,2c40094c,6
process,1652256903.040301,1652256904.041433,False,936d7d51,6
process,1652256902.37851,1652256903.379619,False,fb85e0c9,6
process,1652256905.050519,1652256906.051651,False,2c40094c,6
process,1652256902.198365,1652256903.199479,False,47310526,6
process,1652256900.572832,1652256901.573968,False,61b5d019,6
process,1652256905.303555,1652256906.304678,False,936d7d51,6
process,1652256906.934259,1652256907.935373,False,47310526,6
process,1652256902.469507,1652256903.470642,False,346eb467,6
process,1652256902.848906,1652256903.850022,False,2c40094c,6
process,1652256902.346527,1652256903.347656,False,1fcf8913,6
process,1652256906.754449,1652256907.755564,False,2c40094c,6
process,1652256903.423021,1652256904.424148,False,5dc4aeba,6
process,1652256903.5009,1652256904.502006,False,346eb467,6
process,1652256900.935108,1652256901.936225,False,fb85e0c9,6
process,1652256901.055566,1652256902.057099,False,1fcf8913,6
process,1652256905.54227,1652256906.543398,False,2f961906,6
process,1652256906.893452,1652256907.89459,False,1fcf8913,6
process,1652256900.559333,1652256901.560472,False,656d032c,6
process,1652256900.617281,1652256901.618402,False,12a1527d,6
process,1652256900.537284,1652256901.538405,False,a0bc23a5,6
process,1652256906.904961,1652256907.906102,False,8f4af7b9,6
process,1652256902.329458,1652256903.330566,False,8f4af7b9,6
process,1652256902.399445,1652256903.400575,False,5dc4aeba,6
process,1652256901.472707,1652256902.473834,False,2f961906,6
process,1652256906.774772,1652256907.775878,False,fb85e0c9,6
process,1652256904.115227,1652256905.116381,False,936d7d51,6
process,1652256900.525928,1652256901.527068,False,f49449e2,6
generate,1652256900.248131,1652256900.248192,False,0683ab9b,6
process,1652256900.628094,1652256901.629204,False,936d7d51,6
process,1652256906.81135,1652256907.812466,False,346eb467,6
process,1652256906.74263,1652256907.743764,False,936d7d51,6
process,1652256900.739712,1652256901.740821,False,346eb467,6
process,1652256900.582345,1652256901.583488,False,c629770c,6
process,1652256904.331952,1652256905.333079,False,2f961906,6
process,1652256904.81599,1652256905.817104,False,fb85e0c9,6
process,1652256900.596397,1652256901.597516,False,6fb9f761,6
process,1652256900.530128,1652256901.531253,False,d0f3c9d8,6
process,1652256902.649096,1652256903.650225,False,2f961906,6
process,1652256903.643849,1652256904.644961,False,fb85e0c9,6
process,1652256900.655472,1652256901.656589,False,2c40094c,6
process,1652256904.556596,1652256905.557911,False,346eb467,6
process,1652256900.551934,1652256901.553049,False,a914ef32,6
process,1652256900.601172,1652256901.602299,False,23ea57cb,6
process,1652256901.187421,1652256902.188538,False,47310526,6
process,1652256901.310568,1652256902.311675,False,8f4af7b9,6
process,1652256900.588863,1652256901.589997,False,6fab402f,6
process,1652256906.852967,1652256907.853952,False,5dc4aeba,6
process,1652256900.823522,1652256901.824658,False,5dc4aeba,6
process,1652256906.720772,1652256907.721896,False,2f961906,6
process,1652256924.352925,1652256925.354052,False,a0bc23a5,7
process,1652256930.066117,1652256931.067237,False,656d032c,7
process,1652256923.822834,1652256924.823956,False,c629770c,7
process,1652256930.178241,1652256931.179363,False,f49449e2,7
process,1652256927.504438,1652256928.505574,False,a0bc23a5,7
process,1652256927.261698,1652256928.262807,False,656d032c,7
process,1652256924.008554,1652256925.009707,False,cba460bf,7
process,1652256923.722498,1652256924.723628,False,2f961906,7
process,1652256923.718172,1652256924.719291,False,936d7d51,7
process,1652256930.298003,1652256931.299127,False,c629770c,7
process,1652256930.14372,1652256931.144882,False,61b5d019,7
process,1652256926.472104,1652256927.473223,False,a0bc23a5,7
process,1652256923.767931,1652256924.769062,False,6fb9f761,7
process,1652256928.486289,1652256929.487465,False,656d032c,7
process,1652256924.504734,1652256925.505847,False,d0f3c9d8,7
process,1652256925.294531,1652256926.295652,False,a914ef32,7
process,1652256927.048578,1652256928.049695,False,61b5d019,7
process,1652256930.233522,1652256931.234633,False,d0f3c9d8,7
process,1652256923.673263,1652256924.67439,False,1fcf8913,7
process,1652256925.134377,1652256926.135499,False,656d032c,7
process,1652256925.796894,1652256926.798073,False,f49449e2,7
process,1652256923.7128,1652256924.713927,False,2c40094c,7
process,1652256925.623426,1652256926.624554,False,d0f3c9d8,7
generate,1652256923.37394,1652256923.374001,False,0683ab9b,7
process,1652256926.209457,1652256927.210573,False,656d032c,7
process,1652256924.239994,1652256925.241136,False,a914ef32,7
process,1652256928.72031,1652256929.721431,False,a0bc23a5,7
process,1652256925.99308,1652256926.994205,False,61b5d019,7
process,1652256923.65046,1652256924.651571,False,47310526,7
process,1652256930.266975,1652256931.268124,False,cba460bf,7
process,1652256925.448302,1652256926.449431,False,a0bc23a5,7
process,1652256923.736443,1652256924.737597,False,12a1527d,7
process,1652256926.881855,1652256927.882978,False,f49449e2,7
process,1652256924.639111,1652256925.640251,False,f49449e2,7
process,1652256924.938413,1652256925.939537,False,61b5d019,7
process,1652256930.223408,1652256931.22453,False,a914ef32,7
process,1652256928.236559,1652256929.237691,False,61b5d019,7
process,1652256923.702325,1652256924.703453,False,fb85e0c9,7
process,1652256923.668356,1652256924.669491,False,8f4af7b9,7
process,1652256930.019828,1652256931.020941,False,a0bc23a5,7
process,1652256926.591683,1652256927.59281,False,a914ef32,7
process,1652256927.732593,1652256928.733755,False,a914ef32,7
process,1652256927.98803,1652256928.989156,False,f49449e2,7
process,1652256923.75386,1652256924.755069,False,23ea57cb,7
process,1652256923.701196,1652256924.702447,False,346eb467,7
process,1652256923.893527,1652256924.894652,False,61b5d019,7
process,1652256930.246205,1652256931.24735,False,6fb9f761,7
process,1652256924.814881,1652256925.81602,False,6fb9f761,7
process,1652256923.68165,1652256924.682767,False,5dc4aeba,7
process,1652256924.113331,1652256925.11446,False,656d032c,7
process,1652256923.768667,1652256924.769787,False,6fab402f,7
process,1652256948.111016,1652256949.11214,False,2f961906,8
process,1652256954.979016,1652256955.980166,False,8f4af7b9,8
process,1652256949.564663,1652256950.565793,False,5dc4aeba,8
process,1652256949.930991,1652256950.932099,False,1fcf8913,8
process,1652256948.102338,1652256949.103471,False,12a1527d,8
process,1652256948.126298,1652256949.127436,False,936d7d51,8
process,1652256948.937159,1652256949.938284,False,47310526,8
process,1652256951.330318,1652256952.331451,False,2f961906,8
process,1652256948.020499,1652256949.021637,False,a914ef32,8
process,1652256952.775741,1652256953.77714,False,fb85e0c9,8
process,1652256950.546848,1652256951.547962,False,fb85e0c9,8
process,1652256954.946888,1652256955.948035,False,2f961906,8
process,1652256952.012591,1652256953.013728,False,8f4af7b9,8
process,1652256954.980909,1652256955.982025,False,5dc4aeba,8
process,1652256950.686131,1652256951.687259,False,5dc4aeba,8
process,1652256948.776913,1652256949.778032,False,8f4af7b9,8
process,1652256953.274999,1652256954.276164,False,8f4af7b9,8
process,1652256948.03313,1652256949.034245,False,61b5d019,8
process,1652256951.795658,1652256952.796788,False,5dc4aeba,8
process,1652256951.111732,1652256952.112864,False,1fcf8913,8
process,1652256948.283796,1652256949.284927,False,fb85e0c9,8
process,1652256953.784914,1652256954.786033,False,1fcf8913,8
process,1652256948.518163,1652256949.519292,False,5dc4aeba,8
process,1652256954.924983,1652256955.92609,False,1fcf8913,8
process,1652256949.208144,1652256950.20939,False,2f961906,8
process,1652256949.391437,1652256950.392569,False,fb85e0c9,8
process,1652256948.063109,1652256949.064218,False,a0bc23a5,8
process,1652256953.017813,1652256954.018944,False,5dc4aeba,8
process,1652256948.003049,1652256949.004176,False,d0f3c9d8,8
process,1652256948.637077,1652256949.638201,False,1fcf8913,8
process,1652256953.546074,1652256954.5472,False,2f961906,8
process,1652256948.091322,1652256949.092452,False,23ea57cb,8
process,1652256947.956661,1652256948.957804,False,c629770c,8
process,1652256951.565624,1652256952.565814,False,fb85e0c9,8
process,1652256948.25154,1652256949.252689,False,2c40094c,8
process,1652256948.027459,1652256949.028595,False,f49449e2,8
generate,1652256947.705869,1652256947.705929,False,0683ab9b,8
process,1652256948.073946,1652256949.075075,False,6fab402f,8
process,1652256947.989237,1652256948.990366,False,6fb9f761,8
process,1652256950.096804,1652256951.097945,False,47310526,8
process,1652256955.009323,1652256956.010424,False,fb85e0c9,8
process,1652256949.817199,1652256950.818341,False,8f4af7b9,8
process,1652256952.525522,1652256953.526657,False,2f961906,8
process,1652256950.304918,1652256951.306034,False,2f961906,8
process,1652256947.993239,1652256948.994379,False,cba460bf,8
process,1652256950.9031,1652256951.904207,False,8f4af7b9,8
process,1652256952.280709,1652256953.281815,False,1fcf8913,8
process,1652256948.395516,1652256949.396626,False,346eb467,8
process,1652256955.020824,1652256956.021943,False,47310526,8
process,1652256948.057051,1652256949.058178,False,656d032c,8
process,1652256949.113803,1652256950.11559,False,12a1527d,8
process,1652256972.065961,1652256973.067071,False,656d032c,9
process,1652256973.546679,1652256974.547837,False,d0f3c9d8,9
process,1652256970.896504,1652256971.897612,False,2c40094c,9
process,1652256976.648671,1652256977.649795,False,f49449e2,9
process,1652256975.37734,1652256976.37845,False,656d032c,9
process,1652256970.875662,1652256971.876797,False,12a1527d,9
process,1652256971.387939,1652256972.389052,False,d0f3c9d8,9
process,1652256970.989932,1652256971.991055,False,656d032c,9
process,1652256975.6346,1652256976.635785,False,f49449e2,9
generate,1652256970.536194,1652256970.536254,False,0683ab9b,9
process,1652256970.88203,1652256971.883199,False,346eb467,9
process,1652256970.864954,1652256971.866084,False,1fcf8913,9
process,1652256977.189031,1652256978.19017,False,cba460bf,9
process,1652256971.163721,1652256972.164833,False,f49449e2,9
process,1652256972.943363,1652256973.944478,False,c629770c,9
process,1652256971.637697,1652256972.638842,False,6fb9f761,9
process,1652256974.211255,1652256975.212387,False,656d032c,9
process,1652256972.60712,1652256973.608248,False,cba460bf,9
process,1652256975.142374,1652256976.143503,False,c629770c,9
process,1652256976.921902,1652256977.923025,False,d0f3c9d8,9
process,1652256975.858036,1652256976.859163,False,d0f3c9d8,9
process,1652256978.622828,1652256979.623954,False,656d032c,9
process,1652256972.25718,1652256973.258305,False,f49449e2,9
process,1652256971.509842,1652256972.510992,False,cba460bf,9
process,1652256972.420034,1652256973.421178,False,d0f3c9d8,9
process,1652256971.787306,1652256972.788425,False,c629770c,9
process,1652256978.641863,1652256979.643048,False,cba460bf,9
process,1652256973.971115,1652256974.972243,False,c629770c,9
process,1652256977.497304,1652256978.498432,False,656d032c,9
process,1652256974.659237,1652256975.660373,False,d0f3c9d8,9
process,1652256973.354871,1652256974.355979,False,f49449e2,9
process,1652256970.925533,1652256971.926655,False,23ea57cb,9
process,1652256971.264117,1652256972.265235,False,a914ef32,9
process,1652256972.78318,1652256973.784317,False,6fb9f761,9
process,1652256974.878648,1652256975.879811,False,cba460bf,9
process,1652256978.658179,1652256979.659295,False,d0f3c9d8,9
process,1652256970.91464,1652256971.915765,False,936d7d51,9
process,1652256976.410806,1652256977.411921,False,656d032c,9
process,1652256970.849257,1652256971.850374,False,8f4af7b9,9
process,1652256970.802959,1652256971.804084,False,47310526,9
process,1652256970.857814,1652256971.858948,False,2f961906,9
process,1652256971.060844,1652256972.061968,False,61b5d019,9
process,1652256970.935454,1652256971.937119,False,6fab402f,9
process,1652256971.95812,1652256972.959233,False,6fab402f,9
process,1652256970.842923,1652256971.844062,False,5dc4aeba,9
process,1652256970.834853,1652256971.835968,False,fb85e0c9,9
process,1652256970.978498,1652256971.979627,False,a0bc23a5,9
process,1652256976.121879,1652256977.123046,False,cba460bf,9
process,1652256973.729839,1652256974.730984,False,cba460bf,9
process,1652256973.130806,1652256974.131931,False,656d032c,9
process,1652256974.441424,1652256975.44253,False,f49449e2,9
process,1652257000.760358,1652257001.761519,False,2f961906,10
process,1652256993.910617,1652256994.91175,False,2c40094c,10
process,1652257000.481997,1652257001.483111,False,2c40094c,10
process,1652256996.964801,1652256997.965917,False,fb85e0c9,10
process,1652256993.812011,1652256994.813138,False,656d032c,10
process,1652257001.340995,1652257002.342108,False,fb85e0c9,10
process,1652256996.543503,1652256997.544711,False,8f4af7b9,10
process,1652256994.49662,1652256995.497741,False,5dc4aeba,10
process,1652256995.266083,1652256996.267427,False,2f961906,10
process,1652256993.868694,1652256994.869802,False,a0bc23a5,10
process,1652256995.600527,1652256996.60165,False,5dc4aeba,10
process,1652256997.421945,1652256998.423077,False,2f961906,10
process,1652256993.904601,1652256994.90573,False,936d7d51,10
process,1652257000.184872,1652257001.185991,False,fb85e0c9,10
process,1652256993.840402,1652256994.841513,False,6fb9f761,10
process,1652256993.847397,1652256994.848532,False,6fab402f,10
process,1652256993.821629,1652256994.822767,False,f49449e2,10
process,1652256994.095776,1652256995.096883,False,12a1527d,10
process,1652256994.928933,1652256995.929754,False,2c40094c,10
process,1652256999.663799,1652257000.664935,False,2f961906,10
generate,1652256993.561263,1652256993.561323,False,0683ab9b,10
process,1652256994.60937,1652256995.610491,False,fb85e0c9,10
process,1652256993.83122,1652256994.832334,False,c629770c,10
process,1652256993.856297,1652256994.85741,False,a914ef32,10
process,1652257001.057368,1652257002.058479,False,8f4af7b9,10
process,1652256994.764481,1652256995.765627,False,47310526,10
process,1652256993.774986,1652256994.776116,False,d0f3c9d8,10
process,1652256994.241584,1652256995.242724,False,2f961906,10
process,1652256995.144125,1652256996.145243,False,12a1527d,10
process,1652256997.196641,1652256998.197751,False,2c40094c,10
process,1652256998.61655,1652256999.617667,False,2f961906,10
process,1652256998.376999,1652256999.378114,False,2c40094c,10
process,1652256996.133556,1652256997.134665,False,2c40094c,10
process,1652256994.140662,1652256995.141801,False,1fcf8913,10
process,1652256998.10543,1652256999.10656,False,fb85e0c9,10
process,1652256993.88788,1652256994.889004,False,23ea57cb,10
process,1652256998.861316,1652256999.862496,False,8f4af7b9,10
process,1652256997.862016,1652256998.863144,False,5dc4aeba,10
process,1652256996.350153,1652256997.351278,False,2f961906,10
process,1652256994.363744,1652256995.36487,False,8f4af7b9,10
process,1652256993.803798,1652256994.804943,False,cba460bf,10
process,1652256999.907322,1652257000.908425,False,8f4af7b9,10
process,1652256993.858032,1652256994.859145,False,61b5d019,10
process,1652256995.422159,1652256996.423267,False,8f4af7b9,10
process,1652256996.731068,1652256997.7322,False,5dc4aeba,10
process,1652256997.631731,1652256998.63284,False,8f4af7b9,10
process,1652256995.938654,1652256996.93983,False,fb85e0c9,10
process,1652256999.394923,1652257000.39605,False,2c40094c,10
process,1652256993.971036,1652256994.972153,False,346eb467,10
process,1652256995.783428,1652256996.784799,False,47310526,10
process,1652256999.12374,1652257000.124853,False,fb85e0c9,10
process,1652257024.271828,1652257025.273321,False,a914ef32,11
process,1652257016.80942,1652257017.810547,False,23ea57cb,11
process,1652257020.778265,1652257021.779409,False,656d032c,11
process,1652257020.543927,1652257021.545035,False,f49449e2,11
generate,1652257016.473598,1652257016.47366,False,0683ab9b,11
process,1652257018.50494,1652257019.506048,False,656d032c,11
process,1652257019.452369,1652257020.453518,False,f49449e2,11
process,1652257016.733178,1652257017.734304,False,2f961906,11
process,1652257022.821018,1652257023.822133,False,656d032c,11
process,1652257016.762012,1652257017.763132,False,12a1527d,11
process,1652257024.27057,1652257025.271685,False,61b5d019,11
process,1652257024.225065,1652257025.226176,False,f49449e2,11
process,1652257019.63891,1652257020.640046,False,656d032c,11
process,1652257016.727804,1652257017.729017,False,8f4af7b9,11
process,1652257021.262538,1652257022.26366,False,a914ef32,11
process,1652257016.956947,1652257017.9581,False,6fab402f,11
process,1652257017.04472,1652257018.04584,False,6fb9f761,11
process,1652257016.755095,1652257017.756217,False,47310526,11
process,1652257016.722274,1652257017.723407,False,fb85e0c9,11
process,1652257021.015502,1652257022.016628,False,d0f3c9d8,11
process,1652257018.85108,1652257019.852203,False,d0f3c9d8,11
process,1652257019.883342,1652257020.884456,False,d0f3c9d8,11
process,1652257016.871915,1652257017.873043,False,a914ef32,11
process,1652257017.685961,1652257018.687087,False,d0f3c9d8,11
process,1652257019.062426,1652257020.063565,False,a914ef32,11
process,1652257018.679815,1652257019.680946,False,cba460bf,11
process,1652257022.303468,1652257023.304603,False,a914ef32,11
process,1652257020.099401,1652257021.10052,False,a914ef32,11
process,1652257017.164052,1652257018.165292,False,c629770c,11
process,1652257017.967794,1652257018.968911,False,a914ef32,11
process,1652257016.785238,1652257017.786359,False,936d7d51,11
process,1652257017.405588,1652257018.406697,False,656d032c,11
process,1652257020.336917,1652257021.338049,False,61b5d019,11
process,1652257016.824651,1652257017.825761,False,a0bc23a5,11
process,1652257016.770739,1652257017.771225,False,1fcf8913,11
process,1652257021.52474,1652257022.525886,False,61b5d019,11
process,1652257022.6656,1652257023.666711,False,61b5d019,11
process,1652257021.790828,1652257022.791961,False,656d032c,11
process,1652257016.831908,1652257017.83302,False,61b5d019,11
process,1652257024.254522,1652257025.255651,False,656d032c,11
process,1652257017.847431,1652257018.848547,False,61b5d019,11
process,1652257016.7402,1652257017.741322,False,2c40094c,11
process,1652257018.262777,1652257019.263899,False,c629770c,11
process,1652257018.327975,1652257019.329088,False,f49449e2,11
process,1652257019.244759,1652257020.245921,False,61b5d019,11
process,1652257017.538443,1652257018.539594,False,cba460bf,11
process,1652257023.103514,1652257024.104634,False,f49449e2,11
process,1652257016.776105,1652257017.777283,False,346eb467,11
process,1652257022.112557,1652257023.113686,False,d0f3c9d8,11
process,1652257016.746655,1652257017.747767,False,5dc4aeba,11
process,1652257017.295154,1652257018.296273,False,f49449e2,11
process,1652257044.899934,1652257045.901074,False,fb85e0c9,12
process,1652257039.796138,1652257040.797257,False,12a1527d,12
process,1652257039.663968,1652257040.665101,False,23ea57cb,12
process,1652257041.18914,1652257042.190451,False,2c40094c,12
process,1652257039.614504,1652257040.61563,False,d0f3c9d8,12
process,1652257039.604021,1652257040.605149,False,f49449e2,12
process,1652257044.668744,1652257045.669892,False,2f961906,12
process,1652257042.105267,1652257043.106407,False,5dc4aeba,12
process,1652257043.631661,1652257044.632816,False,2f961906,12
process,1652257046.862675,1652257047.863786,False,fb85e0c9,12
process,1652257043.420643,1652257044.421774,False,2c40094c,12
process,1652257042.965712,1652257043.966823,False,8f4af7b9,12
process,1652257039.549229,1652257040.550369,False,a914ef32,12
process,1652257046.837038,1652257047.838151,False,8f4af7b9,12
process,1652257043.872428,1652257044.873541,False,fb85e0c9,12
process,1652257042.72053,1652257043.721652,False,fb85e0c9,12
process,1652257039.715226,1652257040.716368,False,1fcf8913,12
process,1652257039.64471,1652257040.645829,False,6fab402f,12
generate,1652257039.319562,1652257039.319624,False,0683ab9b,12
process,1652257046.86877,1652257047.86989,False,2c40094c,12
process,1652257046.808065,1652257047.80918,False,5dc4aeba,12
process,1652257040.261261,1652257041.262387,False,2f961906,12
process,1652257044.366938,1652257045.368056,False,5dc4aeba,12
process,1652257045.405735,1652257046.406856,False,5dc4aeba,12
process,1652257040.135468,1652257041.136587,False,2c40094c,12
process,1652257041.536421,1652257042.53754,False,8f4af7b9,12
process,1652257039.575691,1652257040.576844,False,61b5d019,12
process,1652257043.174797,1652257044.175926,False,5dc4aeba,12
process,1652257042.499208,1652257043.500339,False,2f961906,12
process,1652257045.689784,1652257046.690914,False,2f961906,12
process,1652257040.404681,1652257041.405881,False,8f4af7b9,12
process,1652257039.625739,1652257040.626869,False,c629770c,12
process,1652257039.99853,1652257040.999649,False,5dc4aeba,12
process,1652257039.678018,1652257040.679125,False,936d7d51,12
process,1652257041.986625,1652257042.987753,False,12a1527d,12
process,1652257044.122224,1652257045.123337,False,8f4af7b9,12
process,1652257042.321016,1652257043.322131,False,2c40094c,12
process,1652257041.012487,1652257042.013619,False,5dc4aeba,12
process,1652257039.918075,1652257040.919182,False,47310526,12
process,1652257040.535479,1652257041.536698,False,fb85e0c9,12
process,1652257039.619045,1652257040.619625,False,cba460bf,12
process,1652257045.163443,1652257046.164566,False,8f4af7b9,12
process,1652257039.679244,1652257040.680409,False,346eb467,12
process,1652257041.357949,1652257042.359081,False,2f961906,12
process,1652257039.596678,1652257040.597816,False,656d032c,12
process,1652257040.842459,1652257041.843581,False,12a1527d,12
process,1652257041.700533,1652257042.701655,False,fb85e0c9,12
process,1652257039.643244,1652257040.644375,False,6fb9f761,12
process,1652257040.704706,1652257041.705804,False,346eb467,12
process,1652257039.647472,1652257040.648586,False,a0bc23a5,12
process,1652257046.792598,1652257047.793721,False,2f961906,12
process,1652257069.449344,1652257070.450459,False,656d032c,13
process,1652257066.566384,1652257067.567506,False,1fcf8913,13
process,1652257067.974396,1652257068.975527,False,cba460bf,13
process,1652257069.940721,1652257070.941826,False,c629770c,13
process,1652257069.077797,1652257070.078932,False,cba460bf,13
process,1652257072.631133,1652257073.632273,False,f49449e2,13
process,1652257066.494047,1652257067.49517,False,2c40094c,13
process,1652257066.613519,1652257067.614632,False,6fab402f,13
process,1652257066.532562,1652257067.533671,False,8f4af7b9,13
process,1652257068.878614,1652257069.87974,False,c629770c,13
process,1652257067.343822,1652257068.344945,False,61b5d019,13
process,1652257068.661789,1652257069.662932,False,a914ef32,13
process,1652257066.606463,1652257067.60757,False,a0bc23a5,13
process,1652257073.787047,1652257074.788156,False,f49449e2,13
process,1652257073.481677,1652257074.482814,False,cba460bf,13
process,1652257073.226636,1652257074.227765,False,a914ef32,13
process,1652257071.596019,1652257072.597125,False,f49449e2,13
process,1652257070.132697,1652257071.133828,False,cba460bf,13
process,1652257072.107311,1652257073.108428,False,a914ef32,13
process,1652257066.858709,1652257067.859841,False,cba460bf,13
process,1652257071.344384,1652257072.345508,False,cba460bf,13
process,1652257067.087496,1652257068.088613,False,f49449e2,13
process,1652257068.314334,1652257069.315446,False,656d032c,13
process,1652257074.05383,1652257075.054956,False,656d032c,13
process,1652257072.372251,1652257073.373391,False,cba460bf,13
process,1652257066.586507,1652257067.587626,False,936d7d51,13
process,1652257069.674987,1652257070.676108,False,a914ef32,13
process,1652257066.52343,1652257067.524538,False,fb85e0c9,13
process,1652257066.695009,1652257067.696136,False,6fb9f761,13
process,1652257066.547084,1652257067.548205,False,2f961906,13
process,1652257071.099829,1652257072.101272,False,c629770c,13
process,1652257066.561915,1652257067.563025,False,47310526,13
process,1652257069.249175,1652257070.2503,False,f49449e2,13
process,1652257071.843707,1652257072.844827,False,656d032c,13
process,1652257067.22618,1652257068.227317,False,656d032c,13
process,1652257072.911429,1652257073.912544,False,656d032c,13
process,1652257067.664923,1652257068.66605,False,6fab402f,13
process,1652257066.537426,1652257067.538604,False,5dc4aeba,13
process,1652257068.504314,1652257069.505444,False,61b5d019,13
process,1652257066.970284,1652257067.971402,False,d0f3c9d8,13
process,1652257067.794464,1652257068.795596,False,c629770c,13
generate,1652257066.234104,1652257066.234162,False,0683ab9b,13
process,1652257066.767855,1652257067.768989,False,c629770c,13
process,1652257070.605899,1652257071.607019,False,656d032c,13
process,1652257067.49981,1652257068.500921,False,a914ef32,13
process,1652257068.141551,1652257069.142674,False,f49449e2,13
process,1652257066.554363,1652257067.55557,False,346eb467,13
process,1652257066.589525,1652257067.590649,False,23ea57cb,13
process,1652257070.848069,1652257071.849195,False,a914ef32,13
process,1652257066.55171,1652257067.552823,False,12a1527d,13
process,1652257070.375989,1652257071.377102,False,f49449e2,13
process,1652257089.34605,1652257090.347181,False,f49449e2,14
process,1652257092.54323,1652257093.544362,False,2c40094c,14
process,1652257096.617671,1652257097.618797,False,5dc4aeba,14
process,1652257089.37419,1652257090.375333,False,cba460bf,14
process,1652257089.389656,1652257090.390773,False,61b5d019,14
generate,1652257089.07796,1652257089.078019,False,0683ab9b,14
process,1652257095.210095,1652257096.211244,False,12a1527d,14
process,1652257093.674549,1652257094.675661,False,2c40094c,14
process,1652257089.400915,1652257090.402023,False,6fab402f,14
process,1652257091.710734,1652257092.711868,False,346eb467,14
process,1652257092.108394,1652257093.109531,False,5dc4aeba,14
process,1652257089.421386,1652257090.42251,False,a0bc23a5,14
process,1652257089.403122,1652257090.404247,False,d0f3c9d8,14
process,1652257094.423606,1652257095.424722,False,5dc4aeba,14
process,1652257089.603031,1652257090.604135,False,346eb467,14
process,1652257091.148831,1652257092.149957,False,8f4af7b9,14
process,1652257090.971636,1652257091.972751,False,5dc4aeba,14
process,1652257094.99322,1652257095.994388,False,346eb467,14
process,1652257095.750252,1652257096.751504,False,8f4af7b9,14
process,1652257093.299054,1652257094.300178,False,8f4af7b9,14
process,1652257090.048714,1652257091.049834,False,8f4af7b9,14
process,1652257095.480817,1652257096.481945,False,5dc4aeba,14
process,1652257091.314797,1652257092.315918,False,fb85e0c9,14
process,1652257096.051721,1652257097.0531,False,2c40094c,14
process,1652257089.379747,1652257090.380866,False,a914ef32,14
process,1652257090.489678,1652257091.49081,False,1fcf8913,14
process,1652257092.773765,1652257093.774884,False,346eb467,14
process,1652257089.336002,1652257090.337126,False,656d032c,14
process,1652257090.183475,1652257091.184598,False,fb85e0c9,14
process,1652257089.953564,1652257090.954694,False,5dc4aeba,14
process,1652257090.801928,1652257091.802868,False,12a1527d,14
process,1652257091.495777,1652257092.496888,False,2c40094c,14
process,1652257089.434631,1652257090.435744,False,23ea57cb,14
process,1652257089.716085,1652257090.717203,False,12a1527d,14
process,1652257096.341436,1652257097.342574,False,12a1527d,14
process,1652257089.383717,1652257090.384876,False,c629770c,14
process,1652257089.816773,1652257090.8179,False,2f961906,14
process,1652257089.452883,1652257090.454,False,936d7d51,14
process,1652257090.637027,1652257091.638135,False,346eb467,14
process,1652257091.906813,1652257092.907939,False,12a1527d,14
process,1652257093.917994,1652257094.919211,False,346eb467,14
process,1652257092.285094,1652257093.286221,False,8f4af7b9,14
process,1652257089.526982,1652257090.528102,False,47310526,14
process,1652257095.002168,1652257096.003281,False,2c40094c,14
process,1652257090.332497,1652257091.333618,False,2c40094c,14
process,1652257089.408441,1652257090.409559,False,6fb9f761,14
process,1652257089.461211,1652257090.462328,False,1fcf8913,14
process,1652257093.410864,1652257094.411992,False,5dc4aeba,14
process,1652257092.969123,1652257093.970244,False,12a1527d,14
process,1652257094.167506,1652257095.168631,False,12a1527d,14
process,1652257096.900027,1652257097.901171,False,8f4af7b9,14
process,1652257113.193333,1652257114.194439,False,656d032c,15
process,1652257114.187747,1652257115.188856,False,f49449e2,15
process,1652257116.545311,1652257117.546985,False,656d032c,15
process,1652257112.908694,1652257113.909837,False,cba460bf,15
process,1652257120.094019,1652257121.095163,False,cba460bf,15
process,1652257118.325364,1652257119.326478,False,a914ef32,15
process,1652257116.289508,1652257117.290637,False,cba460bf,15
process,1652257112.663535,1652257113.664672,False,c629770c,15
process,1652257112.335066,1652257113.336182,False,47310526,15
process,1652257115.396315,1652257116.397442,False,656d032c,15
process,1652257112.279221,1652257113.280354,False,2c40094c,15
process,1652257115.643324,1652257116.644453,False,6fb9f761,15
process,1652257112.799003,1652257113.800142,False,a914ef32,15
process,1652257116.791799,1652257117.792942,False,6fb9f761,15
process,1652257112.56171,1652257113.562831,False,61b5d019,15
process,1652257117.550972,1652257118.552096,False,cba460bf,15
process,1652257112.269417,1652257113.270548,False,12a1527d,15
process,1652257116.075202,1652257117.076326,False,a914ef32,15
process,1652257118.606202,1652257119.607329,False,cba460bf,15
process,1652257112.325035,1652257113.326177,False,2f961906,15
process,1652257113.670929,1652257114.671991,False,61b5d019,15
generate,1652257111.925521,1652257111.925582,False,0683ab9b,15
process,1652257114.9489,1652257115.950028,False,a914ef32,15
process,1652257118.943452,1652257119.944597,False,6fb9f761,15
process,1652257117.300144,1652257118.301322,False,a914ef32,15
process,1652257112.403128,1652257113.404276,False,6fb9f761,15
process,1652257114.577054,1652257115.57819,False,6fb9f761,15
process,1652257112.306129,1652257113.307225,False,346eb467,15
process,1652257118.066302,1652257119.067413,False,61b5d019,15
process,1652257114.775972,1652257115.777691,False,61b5d019,15
process,1652257112.484316,1652257113.485438,False,6fab402f,15
process,1652257113.852436,1652257114.853565,False,a914ef32,15
process,1652257112.375679,1652257113.376794,False,23ea57cb,15
process,1652257117.811409,1652257118.812532,False,6fb9f761,15
process,1652257113.346338,1652257114.347452,False,47310526,15
process,1652257115.853447,1652257116.854576,False,61b5d019,15
process,1652257113.496631,1652257114.499201,False,6fb9f761,15
process,1652257112.405493,1652257113.406614,False,d0f3c9d8,15
process,1652257112.383672,1652257113.384797,False,a0bc23a5,15
process,1652257113.040139,1652257114.041247,False,f49449e2,15
process,1652257115.169009,1652257116.170154,False,cba460bf,15
process,1652257112.266756,1652257113.26787,False,5dc4aeba,15
process,1652257112.315565,1652257113.316673,False,1fcf8913,15
process,1652257117.02434,1652257118.025467,False,61b5d019,15
process,1652257114.005909,1652257115.007046,False,cba460bf,15
process,1652257120.100138,1652257121.101255,False,a914ef32,15
process,1652257112.345856,1652257113.34697,False,936d7d51,15
process,1652257114.360717,1652257115.361843,False,656d032c,15
process,1652257120.031667,1652257121.032802,False,6fb9f761,15
process,1652257112.307759,1652257113.308872,False,fb85e0c9,15
process,1652257112.219347,1652257113.220467,False,8f4af7b9,15
process,1652257140.404845,1652257141.40596,False,2c40094c,16
process,1652257138.034638,1652257139.035787,False,12a1527d,16
process,1652257138.956798,1652257139.95792,False,2c40094c,16
process,1652257138.468811,1652257139.469948,False,1fcf8913,16
process,1652257138.260593,1652257139.261371,False,5dc4aeba,16
process,1652257136.69698,1652257137.698093,False,2c40094c,16
process,1652257139.172484,1652257140.173623,False,12a1527d,16
process,1652257135.110434,1652257136.112648,False,cba460bf,16
process,1652257139.928993,1652257140.930122,False,1fcf8913,16
process,1652257142.672954,1652257143.674077,False,5dc4aeba,16
process,1652257136.539631,1652257137.540737,False,346eb467,16
process,1652257137.071998,1652257138.077173,False,8f4af7b9,16
process,1652257142.589279,1652257143.590416,False,2c40094c,16
process,1652257136.253456,1652257137.254566,False,936d7d51,16
process,1652257137.433185,1652257138.434311,False,1fcf8913,16
process,1652257140.240421,1652257141.241555,False,12a1527d,16
process,1652257135.0651,1652257136.066221,False,a914ef32,16
process,1652257137.816014,1652257138.817134,False,2c40094c,16
process,1652257135.168842,1652257136.169954,False,6fab402f,16
process,1652257142.655189,1652257143.656316,False,1fcf8913,16
process,1652257142.655864,1652257143.656978,False,346eb467,16
process,1652257137.228649,1652257138.229777,False,5dc4aeba,16
process,1652257135.433114,1652257136.434215,False,fb85e0c9,16
process,1652257136.060393,1652257137.061597,False,8f4af7b9,16
generate,1652257134.761906,1652257134.761978,False,0683ab9b,16
process,1652257135.778946,1652257136.780089,False,12a1527d,16
process,1652257135.152613,1652257136.153753,False,47310526,16
process,1652257135.127904,1652257136.129015,False,61b5d019,16
process,1652257141.475911,1652257142.477031,False,2c40094c,16
process,1652257137.627147,1652257138.628257,False,346eb467,16
process,1652257135.679905,1652257136.681024,False,2c40094c,16
process,1652257140.717736,1652257141.71885,False,5dc4aeba,16
process,1652257135.116312,1652257136.117426,False,6fb9f761,16
process,1652257136.872209,1652257137.873345,False,12a1527d,16
process,1652257141.199241,1652257142.200368,False,1fcf8913,16
process,1652257140.930826,1652257141.93193,False,346eb467,16
process,1652257139.776597,1652257140.777696,False,346eb467,16
process,1652257136.361065,1652257137.362186,False,1fcf8913,16
process,1652257135.337001,1652257136.338154,False,1fcf8913,16
process,1652257135.196217,1652257136.197363,False,a0bc23a5,16
process,1652257138.708429,1652257139.709544,False,346eb467,16
process,1652257135.894847,1652257136.895971,False,5dc4aeba,16
process,1652257135.243343,1652257136.244482,False,2f961906,16
process,1652257135.210592,1652257136.211706,False,23ea57cb,16
process,1652257139.43052,1652257140.43165,False,5dc4aeba,16
process,1652257135.522301,1652257136.523411,False,346eb467,16
process,1652257135.185095,1652257136.186203,False,d0f3c9d8,16
process,1652257135.135106,1652257136.13622,False,656d032c,16
process,1652257135.141193,1652257136.142303,False,f49449e2,16
process,1652257135.158977,1652257136.160091,False,c629770c,16
process,1652257135.22227,1652257136.223475,False,936d7d51,16
process,1652257158.249596,1652257159.250699,False,346eb467,17
process,1652257164.047405,1652257165.048539,False,f49449e2,17
process,1652257161.379544,1652257162.380822,False,a914ef32,17
process,1652257162.785966,1652257163.787095,False,47310526,17
process,1652257162.52673,1652257163.527851,False,a914ef32,17
process,1652257165.187197,1652257166.188352,False,f49449e2,17
process,1652257163.521425,1652257164.522551,False,6fb9f761,17
process,1652257163.031328,1652257164.032445,False,f49449e2,17
process,1652257160.190293,1652257161.191443,False,cba460bf,17
process,1652257158.258411,1652257159.259552,False,2c40094c,17
generate,1652257157.939892,1652257157.939952,False,0683ab9b,17
process,1652257159.180488,1652257160.181602,False,a914ef32,17
process,1652257165.293189,1652257166.294322,False,cba460bf,17
process,1652257158.301165,1652257159.302295,False,2f961906,17
process,1652257158.271023,1652257159.272137,False,8f4af7b9,17
process,1652257158.286082,1652257159.287199,False,936d7d51,17
process,1652257160.020395,1652257161.020786,False,6fb9f761,17
process,1652257159.049593,1652257160.05072,False,cba460bf,17
process,1652257165.271097,1652257166.27221,False,61b5d019,17
process,1652257161.826061,1652257162.827191,False,f49449e2,17
process,1652257165.288255,1652257166.289366,False,a914ef32,17
process,1652257158.266605,1652257159.267751,False,12a1527d,17
process,1652257163.292241,1652257164.293373,False,61b5d019,17
process,1652257161.170071,1652257162.171197,False,6fb9f761,17
process,1652257158.340821,1652257159.341948,False,6fab402f,17
process,1652257158.803936,1652257159.805064,False,61b5d019,17
process,1652257160.770321,1652257161.771453,False,f49449e2,17
process,1652257165.21311,1652257166.214228,False,47310526,17
process,1652257158.316787,1652257159.317913,False,23ea57cb,17
process,1652257159.397946,1652257160.399063,False,6fab402f,17
process,1652257165.248618,1652257166.249784,False,6fb9f761,17
process,1652257158.212081,1652257159.213214,False,5dc4aeba,17
process,1652257158.28881,1652257159.289924,False,fb85e0c9,17
process,1652257163.8148,1652257164.815927,False,47310526,17
process,1652257158.333913,1652257159.335027,False,d0f3c9d8,17
process,1652257159.663936,1652257160.665069,False,f49449e2,17
process,1652257158.556255,1652257159.557362,False,f49449e2,17
process,1652257158.318682,1652257159.319804,False,a0bc23a5,17
process,1652257158.908442,1652257159.90961,False,6fb9f761,17
process,1652257162.073123,1652257163.074249,False,61b5d019,17
process,1652257161.620842,1652257162.621966,False,47310526,17
process,1652257158.393556,1652257159.394694,False,c629770c,17
process,1652257158.45489,1652257159.456004,False,47310526,17
process,1652257158.24507,1652257159.246203,False,1fcf8913,17
process,1652257160.357978,1652257161.35909,False,a914ef32,17
process,1652257160.558816,1652257161.559939,False,47310526,17
process,1652257159.499176,1652257160.500324,False,47310526,17
process,1652257159.828361,1652257160.829478,False,61b5d019,17
process,1652257162.284125,1652257163.285246,False,6fb9f761,17
process,1652257160.952768,1652257161.953904,False,61b5d019,17
process,1652257158.671483,1652257159.672604,False,656d032c,17
process,1652257181.139129,1652257182.140256,False,fb85e0c9,18
process,1652257184.103982,1652257185.105111,False,1fcf8913,18
process,1652257181.382201,1652257182.383317,False,12a1527d,18
process,1652257181.070454,1652257182.071595,False,f49449e2,18
process,1652257181.079963,1652257182.081075,False,6fab402f,18
process,1652257181.053409,1652257182.054534,False,61b5d019,18
process,1652257184.811954,1652257185.813065,False,8f4af7b9,18
process,1652257181.757806,1652257182.758924,False,1fcf8913,18
process,1652257188.505238,1652257189.506375,False,1fcf8913,18
process,1652257183.101048,1652257184.102174,False,a914ef32,18
process,1652257181.038771,1652257182.039919,False,cba460bf,18
process,1652257181.293128,1652257182.294264,False,8f4af7b9,18
process,1652257182.391967,1652257183.393114,False,8f4af7b9,18
process,1652257182.751236,1652257183.752423,False,346eb467,18
process,1652257187.914913,1652257188.916064,False,a914ef32,18
process,1652257187.658628,1652257188.659805,False,346eb467,18
process,1652257188.227734,1652257189.228905,False,8f4af7b9,18
process,1652257184.336978,1652257185.338093,False,936d7d51,18
process,1652257187.353646,1652257188.354758,False,1fcf8913,18
process,1652257182.558548,1652257183.559678,False,2c40094c,18
process,1652257181.538412,1652257182.53953,False,2c40094c,18
process,1652257181.639117,1652257182.640293,False,346eb467,18
process,1652257181.094687,1652257182.095827,False,c629770c,18
process,1652257181.059656,1652257182.060802,False,6fb9f761,18
process,1652257181.916972,1652257182.918102,False,5dc4aeba,18
process,1652257184.563931,1652257185.565053,False,a914ef32,18
process,1652257182.219486,1652257183.220596,False,936d7d51,18
process,1652257186.798407,1652257187.799538,False,a914ef32,18
process,1652257181.103022,1652257182.104141,False,d0f3c9d8,18
process,1652257181.066084,1652257182.0672,False,47310526,18
process,1652257185.253753,1652257186.254864,False,1fcf8913,18
process,1652257182.062123,1652257183.063243,False,a914ef32,18
process,1652257183.913214,1652257184.914329,False,346eb467,18
generate,1652257180.718063,1652257180.718124,False,0683ab9b,18
process,1652257185.528139,1652257186.529256,False,936d7d51,18
process,1652257181.139181,1652257182.140304,False,2f961906,18
process,1652257181.118445,1652257182.119566,False,a0bc23a5,18
process,1652257181.119194,1652257182.120338,False,23ea57cb,18
process,1652257183.683574,1652257184.684691,False,8f4af7b9,18
process,1652257185.021813,1652257186.02294,False,346eb467,18
process,1652257181.083632,1652257182.084745,False,656d032c,18
process,1652257183.301808,1652257184.302934,False,936d7d51,18
process,1652257181.200256,1652257182.201323,False,936d7d51,18
process,1652257181.043405,1652257182.044555,False,a914ef32,18
process,1652257187.054047,1652257188.055162,False,8f4af7b9,18
process,1652257186.529526,1652257187.5307,False,346eb467,18
process,1652257183.643907,1652257184.645028,False,2c40094c,18
process,1652257185.766919,1652257186.768038,False,a914ef32,18
process,1652257186.029412,1652257187.030537,False,8f4af7b9,18
process,1652257186.272287,1652257187.273398,False,1fcf8913,18
process,1652257182.920863,1652257183.921989,False,1fcf8913,18
process,1652257204.089087,1652257205.090212,False,5dc4aeba,19
process,1652257205.889169,1652257206.890303,False,61b5d019,19
process,1652257206.256561,1652257207.257748,False,a0bc23a5,19
process,1652257207.509635,1652257208.51077,False,cba460bf,19
process,1652257207.962847,1652257208.963957,False,6fb9f761,19
process,1652257204.154054,1652257205.155179,False,fb85e0c9,19
process,1652257205.008442,1652257206.009562,False,1fcf8913,19
process,1652257206.64638,1652257207.647503,False,f49449e2,19
process,1652257204.223797,1652257205.225339,False,23ea57cb,19
process,1652257204.021081,1652257205.022184,False,8f4af7b9,19
process,1652257205.718227,1652257206.719349,False,6fb9f761,19
process,1652257204.283466,1652257205.284597,False,6fab402f,19
process,1652257205.51298,1652257206.514096,False,47310526,19
process,1652257210.284895,1652257211.286026,False,6fb9f761,19
process,1652257210.600069,1652257211.601202,False,a0bc23a5,19
process,1652257204.127022,1652257205.12817,False,12a1527d,19
process,1652257204.280343,1652257205.281476,False,656d032c,19
process,1652257204.430867,1652257205.431998,False,f49449e2,19
process,1652257204.076525,1652257205.077641,False,2c40094c,19
process,1652257205.559741,1652257206.560862,False,f49449e2,19
process,1652257204.169065,1652257205.170198,False,2f961906,19
process,1652257205.201496,1652257206.202612,False,a0bc23a5,19
process,1652257208.203288,1652257209.204414,False,1fcf8913,19
process,1652257204.029382,1652257205.030908,False,a914ef32,19
process,1652257206.034965,1652257207.036076,False,1fcf8913,19
process,1652257209.211323,1652257210.212471,False,6fb9f761,19
process,1652257204.224787,1652257205.225979,False,d0f3c9d8,19
process,1652257208.959609,1652257209.960738,False,f49449e2,19
process,1652257207.756581,1652257208.757708,False,f49449e2,19
process,1652257211.173951,1652257212.175071,False,f49449e2,19
process,1652257204.479834,1652257205.480946,False,47310526,19
process,1652257210.862986,1652257211.864122,False,cba460bf,19
process,1652257207.344411,1652257208.345548,False,a0bc23a5,19
process,1652257206.839465,1652257207.840594,False,6fb9f761,19
process,1652257204.188443,1652257205.189571,False,a0bc23a5,19
generate,1652257203.629206,1652257203.629266,False,0683ab9b,19
process,1652257209.489173,1652257210.490292,False,a0bc23a5,19
process,1652257204.604108,1652257205.605225,False,6fb9f761,19
process,1652257208.477086,1652257209.478221,False,a0bc23a5,19
process,1652257211.441221,1652257212.442356,False,6fb9f761,19
process,1652257210.022576,1652257211.023688,False,f49449e2,19
process,1652257209.744909,1652257210.746056,False,cba460bf,19
process,1652257208.716367,1652257209.717494,False,cba460bf,19
process,1652257203.994293,1652257204.995473,False,1fcf8913,19
process,1652257204.723306,1652257205.724437,False,61b5d019,19
process,1652257204.881631,1652257205.882768,False,cba460bf,19
process,1652257206.445097,1652257207.446234,False,cba460bf,19
process,1652257207.052571,1652257208.053766,False,1fcf8913,19
process,1652257204.049016,1652257205.050327,False,346eb467,19
process,1652257204.056283,1652257205.057387,False,936d7d51,19
process,1652257204.277265,1652257205.278449,False,c629770c,19
process,1652257227.238118,1652257228.239239,False,c629770c,20
process,1652257229.433118,1652257230.434245,False,12a1527d,20
process,1652257230.932234,1652257231.933366,False,936d7d51,20
process,1652257230.699117,1652257231.700428,False,5dc4aeba,20
process,1652257229.629765,1652257230.630882,False,5dc4aeba,20
process,1652257227.151659,1652257228.152783,False,f49449e2,20
process,1652257232.413639,1652257233.414863,False,cba460bf,20
process,1652257230.03615,1652257231.037271,False,a914ef32,20
process,1652257227.179251,1652257228.180388,False,cba460bf,20
process,1652257232.154289,1652257233.155404,False,936d7d51,20
process,1652257229.059235,1652257230.060336,False,346eb467,20
process,1652257234.627791,1652257235.628999,False,cba460bf,20
process,1652257229.225992,1652257230.227139,False,cba460bf,20
process,1652257228.055261,1652257229.056383,False,8f4af7b9,20
process,1652257227.22092,1652257228.222046,False,6fab402f,20
process,1652257234.357516,1652257235.358649,False,936d7d51,20
process,1652257227.5361,1652257228.537221,False,2c40094c,20
process,1652257228.698662,1652257229.69978,False,936d7d51,20
process,1652257233.209215,1652257234.21034,False,936d7d51,20
process,1652257230.253574,1652257231.254703,False,cba460bf,20
process,1652257227.652435,1652257228.653562,False,936d7d51,20
process,1652257232.944122,1652257233.945245,False,5dc4aeba,20
process,1652257234.061789,1652257235.062906,False,5dc4aeba,20
process,1652257231.898453,1652257232.899573,False,5dc4aeba,20
process,1652257229.820936,1652257230.822042,False,936d7d51,20
process,1652257227.203025,1652257228.204152,False,1fcf8913,20
process,1652257227.776377,1652257228.777473,False,346eb467,20
process,1652257233.482247,1652257234.483407,False,cba460bf,20
process,1652257228.357635,1652257229.358776,False,12a1527d,20
process,1652257231.651218,1652257232.652355,False,12a1527d,20
process,1652257231.389926,1652257232.391077,False,cba460bf,20
process,1652257227.245564,1652257228.246685,False,d0f3c9d8,20
process,1652257227.145873,1652257228.146998,False,6fb9f761,20
process,1652257227.207542,1652257228.208671,False,61b5d019,20
generate,1652257226.84796,1652257226.848041,False,0683ab9b,20
process,1652257233.787807,1652257234.788933,False,a914ef32,20
process,1652257230.460772,1652257231.461905,False,12a1527d,20
process,1652257232.66038,1652257233.661491,False,a914ef32,20
process,1652257227.202516,1652257228.203654,False,a0bc23a5,20
process,1652257227.264661,1652257228.265791,False,2f961906,20
process,1652257227.328099,1652257228.32961,False,12a1527d,20
process,1652257227.253025,1652257228.254145,False,23ea57cb,20
process,1652257228.195773,1652257229.196972,False,cba460bf,20
process,1652257228.536468,1652257229.537669,False,5dc4aeba,20
process,1652257228.927345,1652257229.928458,False,a914ef32,20
process,1652257227.216659,1652257228.217783,False,47310526,20
process,1652257231.18113,1652257232.182244,False,a914ef32,20
process,1652257227.425195,1652257228.426316,False,5dc4aeba,20
process,1652257227.897559,1652257228.898683,False,a914ef32,20
process,1652257227.230865,1652257228.231985,False,656d032c,20
process,1652257227.274701,1652257228.275814,False,fb85e0c9,20
process,1652257273.003693,1652257274.004861,False,12a1527d,21
process,1652257274.150705,1652257275.151832,False,5dc4aeba,21
process,1652257266.974941,1652257267.976063,False,61b5d019,21
process,1652257272.72553,1652257273.726658,False,5dc4aeba,21
process,1652257274.186993,1652257275.1881,False,346eb467,21
process,1652257266.880921,1652257267.882042,False,1fcf8913,21
process,1652257266.999914,1652257268.001039,False,23ea57cb,21
process,1652257266.920012,1652257267.921141,False,656d032c,21
process,1652257266.900661,1652257267.901791,False,a0bc23a5,21
process,1652257268.85517,1652257269.856305,False,936d7d51,21
process,1652257268.519993,1652257269.52112,False,12a1527d,21
process,1652257272.219717,1652257273.219962,False,cba460bf,21
process,1652257270.507895,1652257271.509009,False,346eb467,21
process,1652257267.703391,1652257268.704519,False,936d7d51,21
process,1652257271.201196,1652257272.202336,False,cba460bf,21
process,1652257267.230849,1652257268.231225,False,346eb467,21
process,1652257266.985068,1652257267.986194,False,c629770c,21
process,1652257267.053921,1652257268.055037,False,2c40094c,21
process,1652257267.332189,1652257268.333324,False,12a1527d,21
process,1652257271.968324,1652257272.969485,False,12a1527d,21
process,1652257270.749747,1652257271.750935,False,12a1527d,21
process,1652257268.238543,1652257269.239656,False,2c40094c,21
process,1652257270.295125,1652257271.296241,False,8f4af7b9,21
process,1652257267.87476,1652257268.875937,False,cba460bf,21
process,1652257270.066652,1652257271.067799,False,cba460bf,21
process,1652257268.340385,1652257269.341485,False,346eb467,21
process,1652257274.180195,1652257275.18134,False,cba460bf,21
process,1652257266.917747,1652257267.918865,False,47310526,21
process,1652257269.044926,1652257270.046081,False,cba460bf,21
generate,1652257266.6432,1652257266.643259,False,0683ab9b,21
process,1652257269.835331,1652257270.836468,False,5dc4aeba,21
process,1652257272.48033,1652257273.48144,False,8f4af7b9,21
process,1652257271.458205,1652257272.45942,False,8f4af7b9,21
process,1652257269.648652,1652257270.64982,False,12a1527d,21
process,1652257267.010796,1652257268.011938,False,2f961906,21
process,1652257268.224743,1652257269.22587,False,8f4af7b9,21
process,1652257266.923757,1652257267.924885,False,6fb9f761,21
process,1652257271.716107,1652257272.717285,False,346eb467,21
process,1652257269.237063,1652257270.238172,False,8f4af7b9,21
process,1652257267.14797,1652257268.14912,False,8f4af7b9,21
process,1652257270.965593,1652257271.966719,False,5dc4aeba,21
process,1652257267.02493,1652257268.026099,False,fb85e0c9,21
process,1652257266.978909,1652257267.980039,False,6fab402f,21
process,1652257267.587867,1652257268.589002,False,5dc4aeba,21
process,1652257266.948119,1652257267.949264,False,f49449e2,21
process,1652257266.967006,1652257267.968133,False,d0f3c9d8,21
process,1652257274.156618,1652257275.157738,False,8f4af7b9,21
process,1652257274.121285,1652257275.122434,False,12a1527d,21
process,1652257269.426733,1652257270.427848,False,346eb467,21
process,1652257267.56858,1652257268.569703,False,a914ef32,21
process,1652257268.68519,1652257269.686313,False,5dc4aeba,21
process,1652257295.288481,1652257296.289607,False,1fcf8913,22
process,1652257294.59204,1652257295.593163,False,f49449e2,22
process,1652257294.369625,1652257295.370753,False,d0f3c9d8,22
process,1652257291.661555,1652257292.662682,False,47310526,22
process,1652257290.980025,1652257291.981197,False,5dc4aeba,22
process,1652257292.40355,1652257293.404667,False,f49449e2,22
process,1652257295.556823,1652257296.55794,False,d0f3c9d8,22
process,1652257291.037519,1652257292.038645,False,23ea57cb,22
process,1652257290.964658,1652257291.965808,False,cba460bf,22
process,1652257292.167823,1652257293.168962,False,61b5d019,22
process,1652257296.553061,1652257297.554184,False,1fcf8913,22
process,1652257297.693995,1652257298.695114,False,a0bc23a5,22
process,1652257290.968258,1652257291.96939,False,8f4af7b9,22
process,1652257297.708333,1652257298.709462,False,f49449e2,22
process,1652257291.406663,1652257292.407783,False,6fb9f761,22
process,1652257291.001029,1652257292.002149,False,2c40094c,22
process,1652257291.129202,1652257292.130354,False,61b5d019,22
process,1652257297.72142,1652257298.722539,False,d0f3c9d8,22
process,1652257291.067016,1652257292.068139,False,6fab402f,22
process,1652257291.020407,1652257292.021536,False,2f961906,22
process,1652257291.008483,1652257292.009602,False,a914ef32,22
process,1652257295.025063,1652257296.026181,False,a0bc23a5,22
process,1652257293.71781,1652257294.718938,False,656d032c,22
process,1652257293.517104,1652257294.518214,False,f49449e2,22
process,1652257291.301216,1652257292.302354,False,f49449e2,22
process,1652257291.049987,1652257292.051128,False,c629770c,22
process,1652257292.943487,1652257293.9446,False,47310526,22
process,1652257297.683793,1652257298.684905,False,656d032c,22
process,1652257293.925275,1652257294.92641,False,a0bc23a5,22
process,1652257291.517298,1652257292.518486,False,656d032c,22
process,1652257291.933104,1652257292.934228,False,1fcf8913,22
process,1652257290.986682,1652257291.987821,False,12a1527d,22
process,1652257297.748616,1652257298.749729,False,61b5d019,22
process,1652257297.675004,1652257298.676115,False,1fcf8913,22
process,1652257296.280212,1652257297.281842,False,656d032c,22
process,1652257294.805577,1652257295.8067,False,656d032c,22
process,1652257291.776493,1652257292.777624,False,a0bc23a5,22
process,1652257296.049811,1652257297.05097,False,a0bc23a5,22
process,1652257292.22601,1652257293.227115,False,d0f3c9d8,22
process,1652257292.832227,1652257293.833354,False,a0bc23a5,22
process,1652257297.741207,1652257298.742325,False,47310526,22
process,1652257290.941355,1652257291.942458,False,346eb467,22
process,1652257292.583798,1652257293.584923,False,656d032c,22
process,1652257291.013991,1652257292.015112,False,fb85e0c9,22
process,1652257291.209481,1652257292.210603,False,d0f3c9d8,22
process,1652257293.105684,1652257294.105805,False,1fcf8913,22
process,1652257294.131919,1652257295.133062,False,1fcf8913,22
process,1652257295.799471,1652257296.800602,False,f49449e2,22
process,1652257290.99822,1652257291.99934,False,936d7d51,22
generate,1652257290.6905,1652257290.690561,False,0683ab9b,22
process,1652257293.300749,1652257294.301927,False,d0f3c9d8,22
process,1652257320.748576,1652257321.749756,False,8f4af7b9,23
process,1652257316.165547,1652257317.166649,False,8f4af7b9,23
process,1652257314.441787,1652257315.442924,False,6fb9f761,23
process,1652257314.947413,1652257315.948518,False,5dc4aeba,23
process,1652257314.383806,1652257315.384925,False,d0f3c9d8,23
process,1652257317.769616,1652257318.770742,False,a914ef32,23
process,1652257321.330014,1652257322.331151,False,23ea57cb,23
process,1652257314.620723,1652257315.621834,False,2c40094c,23
process,1652257315.624217,1652257316.625329,False,a914ef32,23
process,1652257315.80224,1652257316.803349,False,936d7d51,23
process,1652257321.064151,1652257322.065269,False,a914ef32,23
process,1652257317.111038,1652257318.112161,False,5dc4aeba,23
process,1652257318.214563,1652257319.215702,False,5dc4aeba,23
process,1652257320.195142,1652257321.196263,False,23ea57cb,23
process,1652257319.439518,1652257320.440659,False,5dc4aeba,23
process,1652257316.89907,1652257317.900176,False,936d7d51,23
process,1652257314.502437,1652257315.503541,False,fb85e0c9,23
process,1652257314.466312,1652257315.467426,False,6fab402f,23
process,1652257314.409981,1652257315.411811,False,a0bc23a5,23
process,1652257314.375169,1652257315.376305,False,47310526,23
process,1652257318.445298,1652257319.446409,False,8f4af7b9,23
generate,1652257314.073204,1652257314.073265,False,0683ab9b,23
process,1652257314.394013,1652257315.395128,False,f49449e2,23
process,1652257322.457592,1652257323.4587,False,a914ef32,23
process,1652257315.074131,1652257316.075247,False,8f4af7b9,23
process,1652257314.420882,1652257315.421997,False,656d032c,23
process,1652257315.175202,1652257316.177426,False,cba460bf,23
process,1652257316.514196,1652257317.515313,False,23ea57cb,23
process,1652257314.495038,1652257315.496158,False,2f961906,23
process,1652257316.332728,1652257317.333862,False,cba460bf,23
process,1652257319.686188,1652257320.687382,False,8f4af7b9,23
process,1652257317.535986,1652257318.537098,False,23ea57cb,23
process,1652257317.300536,1652257318.301656,False,8f4af7b9,23
process,1652257316.707935,1652257317.709115,False,a914ef32,23
process,1652257314.466963,1652257315.468076,False,c629770c,23
process,1652257322.429287,1652257323.430419,False,23ea57cb,23
process,1652257314.719992,1652257315.721113,False,936d7d51,23
process,1652257317.989562,1652257318.990679,False,936d7d51,23
process,1652257314.482475,1652257315.483593,False,23ea57cb,23
process,1652257315.995678,1652257316.996795,False,5dc4aeba,23
process,1652257314.809107,1652257315.810233,False,12a1527d,23
process,1652257319.195333,1652257320.196479,False,936d7d51,23
process,1652257315.333396,1652257316.334497,False,346eb467,23
process,1652257314.42639,1652257315.427539,False,1fcf8913,23
process,1652257315.495401,1652257316.496514,False,23ea57cb,23
process,1652257319.949073,1652257320.950321,False,a914ef32,23
process,1652257318.933628,1652257319.934737,False,a914ef32,23
process,1652257320.472611,1652257321.473728,False,5dc4aeba,23
process,1652257314.350008,1652257315.351127,False,61b5d019,23
process,1652257314.551868,1652257315.553061,False,a914ef32,23
process,1652257318.681049,1652257319.682175,False,23ea57cb,23
process,1652257337.640175,1652257338.641284,False,c629770c,24
process,1652257337.473691,1652257338.474809,False,a914ef32,24
process,1652257339.473134,1652257340.474259,False,47310526,24
process,1652257337.53419,1652257338.535306,False,23ea57cb,24
process,1652257342.062765,1652257343.063875,False,6fab402f,24
process,1652257342.828139,1652257343.829271,False,d0f3c9d8,24
process,1652257340.447372,1652257341.448505,False,d0f3c9d8,24
process,1652257337.545703,1652257338.546824,False,5dc4aeba,24
process,1652257338.081195,1652257339.082316,False,f49449e2,24
process,1652257343.891817,1652257344.892955,False,d0f3c9d8,24
process,1652257341.345115,1652257342.346237,False,f49449e2,24
process,1652257337.650923,1652257338.652047,False,6fab402f,24
process,1652257341.631315,1652257342.632428,False,d0f3c9d8,24
process,1652257337.866821,1652257338.867948,False,656d032c,24
process,1652257344.47012,1652257345.471235,False,656d032c,24
process,1652257337.632185,1652257338.633339,False,2f961906,24
process,1652257337.583804,1652257338.584934,False,cba460bf,24
process,1652257337.951546,1652257338.952657,False,a0bc23a5,24
process,1652257338.464123,1652257339.464454,False,61b5d019,24
process,1652257344.768829,1652257345.769971,False,f49449e2,24
process,1652257341.124906,1652257342.126068,False,656d032c,24
process,1652257340.063541,1652257341.064676,False,656d032c,24
process,1652257338.320741,1652257339.321868,False,47310526,24
process,1652257339.848233,1652257340.849347,False,6fab402f,24
process,1652257339.650105,1652257340.651213,False,fb85e0c9,24
process,1652257340.898482,1652257341.899597,False,6fab402f,24
process,1652257337.58823,1652257338.5894,False,12a1527d,24
process,1652257338.632086,1652257339.633194,False,fb85e0c9,24
process,1652257337.534326,1652257338.53544,False,8f4af7b9,24
process,1652257337.579914,1652257338.581019,False,346eb467,24
process,1652257337.551227,1652257338.552355,False,936d7d51,24
process,1652257339.137438,1652257340.138547,False,f49449e2,24
process,1652257337.61425,1652257338.615357,False,fb85e0c9,24
process,1652257337.596775,1652257338.59789,False,2c40094c,24
process,1652257338.945389,1652257339.946518,False,656d032c,24
process,1652257342.574955,1652257343.576081,False,f49449e2,24
process,1652257340.24278,1652257341.243891,False,f49449e2,24
process,1652257337.802506,1652257338.803627,False,6fb9f761,24
process,1652257344.20954,1652257345.21066,False,6fab402f,24
process,1652257343.348503,1652257344.349625,False,656d032c,24
process,1652257337.812066,1652257338.813182,False,1fcf8913,24
process,1652257338.773591,1652257339.774703,False,6fab402f,24
process,1652257338.223264,1652257339.224376,False,d0f3c9d8,24
process,1652257339.297793,1652257340.29892,False,d0f3c9d8,24
process,1652257343.630215,1652257344.631346,False,f49449e2,24
process,1652257342.323937,1652257343.32507,False,656d032c,24
process,1652257345.041029,1652257346.042219,False,d0f3c9d8,24
process,1652257341.83357,1652257342.834682,False,fb85e0c9,24
process,1652257340.672214,1652257341.673321,False,fb85e0c9,24
generate,1652257337.262474,1652257337.262536,False,0683ab9b,24
process,1652257343.099067,1652257344.100188,False,6fab402f,24
process,1652257365.727546,1652257366.728668,False,a914ef32,25
generate,1652257360.08993,1652257360.089988,False,0683ab9b,25
process,1652257360.391167,1652257361.392271,False,656d032c,25
process,1652257361.811499,1652257362.812666,False,346eb467,25
process,1652257363.771795,1652257364.772924,False,cba460bf,25
process,1652257363.541389,1652257364.542502,False,a914ef32,25
process,1652257363.116334,1652257364.11748,False,5dc4aeba,25
process,1652257360.412127,1652257361.41323,False,fb85e0c9,25
process,1652257364.210914,1652257365.212039,False,5dc4aeba,25
process,1652257360.449035,1652257361.450168,False,1fcf8913,25
process,1652257360.365078,1652257361.366202,False,f49449e2,25
process,1652257365.43252,1652257366.433658,False,5dc4aeba,25
process,1652257360.418741,1652257361.419859,False,47310526,25
process,1652257366.205041,1652257367.206153,False,346eb467,25
process,1652257361.508087,1652257362.509213,False,12a1527d,25
process,1652257366.776511,1652257367.777647,False,a914ef32,25
process,1652257360.492791,1652257361.493921,False,12a1527d,25
process,1652257365.176044,1652257366.177155,False,346eb467,25
process,1652257362.922167,1652257363.923264,False,346eb467,25
process,1652257360.813304,1652257361.814369,False,936d7d51,25
process,1652257361.97241,1652257362.973547,False,5dc4aeba,25
process,1652257360.628218,1652257361.629357,False,cba460bf,25
process,1652257363.995552,1652257364.996728,False,346eb467,25
process,1652257361.340202,1652257362.34133,False,a914ef32,25
process,1652257363.316372,1652257364.317491,False,8f4af7b9,25
process,1652257360.421008,1652257361.422124,False,61b5d019,25
process,1652257364.938117,1652257365.939269,False,cba460bf,25
process,1652257367.04377,1652257368.0462,False,cba460bf,25
process,1652257367.334296,1652257368.33546,False,346eb467,25
process,1652257360.460084,1652257361.461214,False,6fb9f761,25
process,1652257360.359586,1652257361.360713,False,d0f3c9d8,25
process,1652257364.678892,1652257365.680114,False,a914ef32,25
process,1652257364.426186,1652257365.427306,False,8f4af7b9,25
process,1652257361.645771,1652257362.64691,False,cba460bf,25
process,1652257362.324592,1652257363.325703,False,23ea57cb,25
process,1652257362.501669,1652257363.502797,False,a914ef32,25
process,1652257365.979732,1652257366.98086,False,cba460bf,25
process,1652257360.721728,1652257361.722832,False,346eb467,25
process,1652257361.057356,1652257362.058476,False,8f4af7b9,25
process,1652257360.954195,1652257361.955383,False,5dc4aeba,25
process,1652257362.154877,1652257363.156016,False,8f4af7b9,25
process,1652257360.479146,1652257361.480262,False,2f961906,25
process,1652257360.40894,1652257361.410071,False,6fab402f,25
process,1652257366.53075,1652257367.531872,False,5dc4aeba,25
process,1652257360.54606,1652257361.547196,False,2c40094c,25
process,1652257362.708242,1652257363.709391,False,cba460bf,25
process,1652257360.440587,1652257361.441775,False,a0bc23a5,25
process,1652257361.189692,1652257362.190815,False,23ea57cb,25
process,1652257367.916382,1652257368.917498,False,a914ef32,25
process,1652257367.641293,1652257368.642415,False,5dc4aeba,25
process,1652257360.476146,1652257361.477255,False,c629770c,25
process,1652257383.895206,1652257384.896334,False,6fab402f,26
process,1652257386.930658,1652257387.931789,False,12a1527d,26
process,1652257390.011142,1652257391.012281,False,6fab402f,26
process,1652257385.860998,1652257386.862126,False,12a1527d,26
process,1652257383.579047,1652257384.58018,False,1fcf8913,26
process,1652257390.142879,1652257391.144008,False,fb85e0c9,26
process,1652257387.66093,1652257388.662059,False,f49449e2,26
process,1652257383.47532,1652257384.476458,False,cba460bf,26
process,1652257390.027872,1652257391.028985,False,12a1527d,26
process,1652257383.761756,1652257384.762864,False,fb85e0c9,26
process,1652257383.522762,1652257384.523882,False,12a1527d,26
process,1652257384.166921,1652257385.168028,False,656d032c,26
process,1652257386.255505,1652257387.256619,False,47310526,26
process,1652257383.501283,1652257384.502404,False,8f4af7b9,26
process,1652257386.760749,1652257387.76188,False,6fb9f761,26
process,1652257383.659866,1652257384.660991,False,47310526,26
generate,1652257383.054817,1652257383.054876,False,0683ab9b,26
process,1652257385.260838,1652257386.261951,False,f49449e2,26
process,1652257387.384058,1652257388.385186,False,47310526,26
process,1652257383.5396,1652257384.540722,False,2c40094c,26
process,1652257384.535257,1652257385.53639,False,12a1527d,26
process,1652257390.117304,1652257391.118482,False,d0f3c9d8,26
process,1652257389.987803,1652257390.988925,False,47310526,26
process,1652257390.077924,1652257391.079044,False,6fb9f761,26
process,1652257384.19169,1652257385.192831,False,f49449e2,26
process,1652257384.58642,1652257385.587565,False,6fb9f761,26
process,1652257386.464435,1652257387.465557,False,f49449e2,26
process,1652257383.56842,1652257384.569541,False,6fb9f761,26
process,1652257390.145873,1652257391.14698,False,656d032c,26
process,1652257383.459036,1652257384.46055,False,a914ef32,26
process,1652257383.613386,1652257384.614521,False,61b5d019,26
process,1652257387.156772,1652257388.157891,False,6fab402f,26
process,1652257388.125618,1652257389.126742,False,12a1527d,26
process,1652257383.52484,1652257384.526013,False,936d7d51,26
process,1652257383.543659,1652257384.544813,False,2f961906,26
process,1652257383.510178,1652257384.511294,False,23ea57cb,26
process,1652257383.463301,1652257384.464431,False,5dc4aeba,26
process,1652257388.620719,1652257389.621858,False,47310526,26
process,1652257384.912495,1652257385.913616,False,6fab402f,26
process,1652257383.472379,1652257384.47356,False,346eb467,26
process,1652257385.6501,1652257386.651223,False,6fb9f761,26
process,1652257385.101999,1652257386.103134,False,47310526,26
process,1652257388.362526,1652257389.363654,False,6fab402f,26
process,1652257386.05296,1652257387.054076,False,6fab402f,26
process,1652257385.467121,1652257386.468396,False,d0f3c9d8,26
process,1652257383.556118,1652257384.557248,False,c629770c,26
process,1652257383.600462,1652257384.605354,False,a0bc23a5,26
process,1652257384.42495,1652257385.426063,False,d0f3c9d8,26
process,1652257384.870208,1652257385.871314,False,fb85e0c9,26
process,1652257387.87022,1652257388.871344,False,6fb9f761,26
process,1652257390.105571,1652257391.106698,False,f49449e2,26
process,1652257413.26921,1652257414.270322,False,23ea57cb,27
process,1652257410.140891,1652257411.142042,False,cba460bf,27
process,1652257406.505417,1652257407.506544,False,2f961906,27
process,1652257406.416468,1652257407.417582,False,12a1527d,27
process,1652257407.268683,1652257408.269808,False,a914ef32,27
process,1652257406.515489,1652257407.516611,False,2c40094c,27
process,1652257406.535811,1652257407.536921,False,936d7d51,27
process,1652257409.451599,1652257410.452723,False,5dc4aeba,27
process,1652257412.99534,1652257413.996466,False,a914ef32,27
process,1652257406.444827,1652257407.445943,False,47310526,27
process,1652257411.624577,1652257412.625701,False,5dc4aeba,27
process,1652257409.923842,1652257410.924979,False,23ea57cb,27
process,1652257406.488065,1652257407.489202,False,1fcf8913,27
process,1652257406.39913,1652257407.400245,False,f49449e2,27
process,1652257406.362996,1652257407.364116,False,656d032c,27
process,1652257411.366488,1652257412.367633,False,cba460bf,27
process,1652257407.118654,1652257408.119777,False,5dc4aeba,27
process,1652257412.428982,1652257413.430118,False,cba460bf,27
process,1652257406.379816,1652257407.380938,False,fb85e0c9,27
process,1652257408.094113,1652257409.095216,False,346eb467,27
process,1652257413.850586,1652257414.85171,False,5dc4aeba,27
process,1652257410.368671,1652257411.369777,False,346eb467,27
process,1652257406.464211,1652257407.465329,False,a0bc23a5,27
process,1652257412.131735,1652257413.132875,False,23ea57cb,27
process,1652257409.049543,1652257410.05069,False,cba460bf,27
process,1652257410.867493,1652257411.868631,False,a914ef32,27
process,1652257406.406513,1652257407.407637,False,6fb9f761,27
process,1652257408.440467,1652257409.441577,False,12a1527d,27
process,1652257406.983255,1652257407.984367,False,346eb467,27
process,1652257412.682407,1652257413.683534,False,5dc4aeba,27
process,1652257408.636034,1652257409.637167,False,a914ef32,27
process,1652257406.422755,1652257407.423863,False,6fab402f,27
process,1652257406.454288,1652257407.455397,False,61b5d019,27
process,1652257406.39017,1652257407.391285,False,d0f3c9d8,27
process,1652257413.55714,1652257414.558283,False,cba460bf,27
process,1652257406.488416,1652257407.489545,False,c629770c,27
process,1652257407.428538,1652257408.42967,False,12a1527d,27
process,1652257406.649038,1652257407.650154,False,23ea57cb,27
process,1652257407.639194,1652257408.640308,False,936d7d51,27
process,1652257406.880222,1652257407.881349,False,cba460bf,27
process,1652257407.908134,1652257408.909268,False,cba460bf,27
process,1652257409.230758,1652257410.231955,False,346eb467,27
process,1652257411.101802,1652257412.102934,False,23ea57cb,27
process,1652257410.605481,1652257411.606607,False,5dc4aeba,27
process,1652257409.693143,1652257410.694275,False,a914ef32,27
process,1652257407.73385,1652257408.734975,False,23ea57cb,27
process,1652257408.855586,1652257409.856714,False,23ea57cb,27
process,1652257411.894253,1652257412.895365,False,a914ef32,27
generate,1652257406.039535,1652257406.039595,False,0683ab9b,27
process,1652257408.260109,1652257409.261219,False,5dc4aeba,27
process,1652257406.732387,1652257407.733502,False,8f4af7b9,27
process,1652257429.67025,1652257430.671364,False,6fb9f761,28
process,1652257429.475588,1652257430.476716,False,47310526,28
process,1652257430.854173,1652257431.855296,False,f49449e2,28
process,1652257435.490098,1652257436.491281,False,d0f3c9d8,28
generate,1652257428.958356,1652257428.95842,False,0683ab9b,28
process,1652257435.522612,1652257436.523734,False,47310526,28
process,1652257435.513018,1652257436.514143,False,6fb9f761,28
process,1652257435.45066,1652257436.451773,False,61b5d019,28
process,1652257432.831617,1652257433.832739,False,6fab402f,28
process,1652257431.571544,1652257432.572673,False,61b5d019,28
process,1652257429.555877,1652257430.556993,False,6fab402f,28
process,1652257432.15058,1652257433.151689,False,d0f3c9d8,28
process,1652257433.796336,1652257434.797464,False,61b5d019,28
process,1652257434.279114,1652257435.280227,False,f49449e2,28
process,1652257429.303862,1652257430.304984,False,1fcf8913,28
process,1652257430.041353,1652257431.042522,False,fb85e0c9,28
process,1652257431.359033,1652257432.360143,False,656d032c,28
process,1652257431.198366,1652257432.199475,False,fb85e0c9,28
process,1652257435.471357,1652257436.472484,False,656d032c,28
process,1652257434.043836,1652257435.04495,False,6fab402f,28
process,1652257429.282737,1652257430.283867,False,2f961906,28
process,1652257431.755319,1652257432.756426,False,6fab402f,28
process,1652257429.21187,1652257430.213015,False,cba460bf,28
process,1652257430.658271,1652257431.659397,False,6fab402f,28
process,1652257429.393562,1652257430.394748,False,61b5d019,28
process,1652257430.365767,1652257431.366902,False,a0bc23a5,28
process,1652257429.255258,1652257430.257041,False,12a1527d,28
process,1652257435.40443,1652257436.405571,False,f49449e2,28
process,1652257429.321746,1652257430.322892,False,a0bc23a5,28
process,1652257431.004861,1652257432.005969,False,d0f3c9d8,28
process,1652257432.389619,1652257433.390749,False,656d032c,28
process,1652257429.918429,1652257430.919553,False,d0f3c9d8,28
process,1652257433.294055,1652257434.295173,False,d0f3c9d8,28
process,1652257433.53217,1652257434.533285,False,656d032c,28
process,1652257429.239298,1652257430.240433,False,a914ef32,28
process,1652257431.966428,1652257432.967558,False,f49449e2,28
process,1652257429.267111,1652257430.268283,False,8f4af7b9,28
process,1652257429.315806,1652257430.316923,False,c629770c,28
process,1652257430.483403,1652257431.484518,False,61b5d019,28
process,1652257429.266674,1652257430.267793,False,936d7d51,28
process,1652257429.206043,1652257430.207159,False,5dc4aeba,28
process,1652257429.794714,1652257430.795837,False,f49449e2,28
process,1652257429.24568,1652257430.246778,False,346eb467,28
process,1652257435.510052,1652257436.511187,False,a0bc23a5,28
process,1652257435.416153,1652257436.417271,False,6fab402f,28
process,1652257430.195501,1652257431.196621,False,656d032c,28
process,1652257435.492614,1652257436.493743,False,fb85e0c9,28
process,1652257429.228513,1652257430.229643,False,23ea57cb,28
process,1652257433.064025,1652257434.065157,False,f49449e2,28
process,1652257432.627585,1652257433.628707,False,61b5d019,28
process,1652257429.273407,1652257430.274521,False,2c40094c,28
process,1652257458.948701,1652257459.949834,False,12a1527d,29
process,1652257452.462659,1652257453.463784,False,12a1527d,29
process,1652257454.098254,1652257455.099419,False,cba460bf,29
process,1652257452.203234,1652257453.204365,False,f49449e2,29
process,1652257452.155837,1652257453.156967,False,a0bc23a5,29
process,1652257455.958951,1652257456.960078,False,a914ef32,29
process,1652257452.181241,1652257453.182358,False,656d032c,29
process,1652257453.267776,1652257454.2689,False,2c40094c,29
process,1652257456.691832,1652257457.693729,False,936d7d51,29
process,1652257452.102559,1652257453.103676,False,47310526,29
process,1652257452.195185,1652257453.19632,False,6fab402f,29
process,1652257458.974996,1652257459.976229,False,5dc4aeba,29
process,1652257453.378398,1652257454.379531,False,936d7d51,29
process,1652257453.551319,1652257454.552456,False,12a1527d,29
process,1652257452.167608,1652257453.168737,False,fb85e0c9,29
process,1652257452.149284,1652257453.15041,False,6fb9f761,29
process,1652257454.860079,1652257455.861189,False,a914ef32,29
process,1652257458.982349,1652257459.983462,False,2c40094c,29
process,1652257452.293621,1652257453.294746,False,8f4af7b9,29
process,1652257452.175141,1652257453.176257,False,d0f3c9d8,29
process,1652257458.905123,1652257459.906262,False,936d7d51,29
process,1652257455.509976,1652257456.511084,False,936d7d51,29
generate,1652257451.877164,1652257451.877224,False,0683ab9b,29
process,1652257456.442488,1652257457.443617,False,5dc4aeba,29
process,1652257456.176594,1652257457.177743,False,23ea57cb,29
process,1652257454.45157,1652257455.452698,False,936d7d51,29
process,1652257455.73394,1652257456.735091,False,12a1527d,29
process,1652257452.183537,1652257453.184654,False,61b5d019,29
process,1652257452.82061,1652257453.82176,False,23ea57cb,29
process,1652257453.909775,1652257454.910941,False,23ea57cb,29
process,1652257453.728548,1652257454.729666,False,a914ef32,29
process,1652257455.052511,1652257456.053637,False,23ea57cb,29
process,1652257457.181499,1652257458.182611,False,a914ef32,29
process,1652257456.924045,1652257457.92517,False,12a1527d,29
process,1652257454.66649,1652257455.667613,False,12a1527d,29
process,1652257452.933802,1652257453.934946,False,cba460bf,29
process,1652257454.254644,1652257455.255761,False,5dc4aeba,29
process,1652257457.444125,1652257458.445242,False,23ea57cb,29
process,1652257452.219224,1652257453.220356,False,c629770c,29
process,1652257457.729957,1652257458.731076,False,936d7d51,29
process,1652257458.936539,1652257459.937654,False,a914ef32,29
process,1652257452.24481,1652257453.245947,False,2f961906,29
process,1652257452.353561,1652257453.354694,False,936d7d51,29
process,1652257453.095249,1652257454.096443,False,5dc4aeba,29
process,1652257455.283139,1652257456.284323,False,5dc4aeba,29
process,1652257452.564839,1652257453.565951,False,346eb467,29
process,1652257458.975352,1652257459.976502,False,cba460bf,29
process,1652257452.675332,1652257453.676458,False,a914ef32,29
process,1652257452.230661,1652257453.231785,False,1fcf8913,29
process,1652257458.916707,1652257459.917839,False,23ea57cb,29
process,1652257452.254853,1652257453.255965,False,2c40094c,29
