func,start,end,is_cold,container_id,provider.request_id,request_id
process,1656931133.305218,1656931133.309821,False,d1122861,3ad6ac02-6a0a-4bc8-a8b2-8cc481a2b1c6,9ac19208
gen,1656931132.102304,1656931132.135253,False,c6631c06,299e5e1d-9ae3-4752-913f-983cd1810e02,9ac19208
process,1656931132.501538,1656931132.554469,False,7e000bf3,3f01fd6f-cefd-4e71-999e-44643d9c0f0f,9ac19208
process,1656931133.058439,1656931133.062957,False,f7c2379c,d606882b-2213-4429-9efa-36fc13eb72d9,9ac19208
process,1656931132.738857,1656931132.791597,False,872d18fd,710b4e7e-98c9-49cf-be5c-9eeaca285a76,9ac19208
process,1656931132.625813,1656931132.670573,False,8869b5ba,60f660c4-0827-49ae-afec-79c111e48e9e,9ac19208
process,1656931132.234049,1656931132.270822,False,8869b5ba,4d114b2a-5002-4538-8ded-0301ab815430,9ac19208
process,1656931133.168322,1656931133.205244,False,0d4dfc7f,eb81e8db-6ed6-41f0-8928-5609a058d689,9ac19208
process,1656931132.379036,1656931132.411876,False,872d18fd,2d0aa750-2c90-4808-81f2-dec4e707c9b9,9ac19208
process,1656931132.934005,1656931132.96687,False,0d4dfc7f,02ca9080-2793-41fa-8a1a-356922fa9ac4,9ac19208
process,1656931133.434738,1656931133.475601,False,6ac2a311,45ea5ddc-3ec0-49dd-949c-d8e614988afb,dc0a65f8
process,1656931133.223817,1656931133.232415,False,872d18fd,4180ae4d-d7b1-4521-bb13-317287c5373e,dc0a65f8
process,1656931132.954016,1656931132.990874,False,8869b5ba,9e7d5bb7-67a6-4184-975f-3f4639416155,dc0a65f8
process,1656931132.538444,1656931132.57074,False,d18eb47f,fe09d79a-614f-4137-ad03-5718d4298419,dc0a65f8
process,1656931133.078898,1656931133.131719,False,e5d02bed,4781f86a-dde6-4e46-aca5-ed99905c74c9,dc0a65f8
gen,1656931132.25219,1656931132.28516,False,7b8dd173,1782b27c-452c-4e08-b322-84ce39f011e2,dc0a65f8
process,1656931133.572296,1656931133.613071,False,5482ae7d,c608e23d-113f-46c7-a959-b321aa223bc6,dc0a65f8
process,1656931132.814296,1656931132.855131,False,fa05986f,debe625c-87e7-40bf-bcae-c1272bb76842,dc0a65f8
process,1656931132.665647,1656931132.682395,False,20d8a191,1cc65a8a-dc01-4bcf-b9b2-83a7d0855d2f,dc0a65f8
process,1656931132.390304,1656931132.411206,False,bccba0c5,25f5e7ca-81bb-42d0-8898-613fa0408b02,dc0a65f8
process,1656931132.641473,1656931132.694233,False,fb360ad7,bf9c5e4b-6283-45bd-9462-dca1ad57eca1,a072bed9
process,1656931132.907363,1656931132.924118,False,8e3c6ffb,8fbaf696-121f-4bf2-9dce-7e6b08402131,a072bed9
process,1656931133.164671,1656931133.185502,False,20b4ec97,32a3916d-c674-40ba-9bf7-54d961bf7abf,a072bed9
process,1656931133.306281,1656931133.315154,False,55fa9203,75cb3b3f-23ba-4477-9c77-f2c3576b7961,a072bed9
gen,1656931132.11311,1656931132.153925,False,7c0c046e,82ee3949-0a21-4f1d-9b4e-ff7064592cb8,a072bed9
process,1656931132.231399,1656931132.259754,False,68e7ac64,10d28e67-eab5-4000-b035-0d83a34aff27,a072bed9
process,1656931132.776939,1656931132.813665,False,e5d02bed,56c94961-c3c0-4e14-ab3f-adcc7d3cac34,a072bed9
process,1656931133.03975,1656931133.08056,False,20d8a191,43d88211-5523-4658-963a-b84ad052d403,a072bed9
process,1656931132.481753,1656931132.534542,False,fb360ad7,a16142d1-d8ed-4a8a-b0cd-c2e15857cbe0,a072bed9
process,1656931132.3532,1656931132.370171,False,42843538,d5509ff0-c86f-4a39-9ba5-610924ac0db3,a072bed9
process,1656931133.050225,1656931133.0911,False,8869b5ba,74007f7f-da8e-4e2b-80f6-604872c5eaf9,0bf890a0
process,1656931132.253058,1656931132.293749,False,5482ae7d,530cbb85-9ee0-4a2d-a67e-85a2f81db269,0bf890a0
gen,1656931132.109655,1656931132.142512,False,feaf0f3d,5559563a-4618-4988-8349-72426d234633,0bf890a0
process,1656931132.890028,1656931132.935078,False,7e000bf3,702d511d-de1a-4e2f-b0d9-47aaad115283,0bf890a0
process,1656931132.630531,1656931132.687428,False,42843538,ea01a35d-25bc-434e-b915-f358577d6e11,0bf890a0
process,1656931132.758285,1656931132.779115,False,283cd8a8,1ccc7ba3-9d54-4f4d-b203-3c103cd41a05,0bf890a0
process,1656931132.504898,1656931132.513091,False,b6d90569,c0fa4e7a-27db-49ee-b3d1-45506eddc416,0bf890a0
process,1656931133.181451,1656931133.185503,False,b6d90569,03b60dc0-b505-4b53-874f-649576fd601e,0bf890a0
process,1656931133.300311,1656931133.352978,False,5482ae7d,eb1fe65e-c6d7-4c4b-9ddc-d435c474b725,0bf890a0
process,1656931132.389582,1656931132.434512,False,6ac2a311,51b24eae-4e8d-47eb-8a02-2f4e90e6ff72,0bf890a0
gen,1656931132.11164,1656931132.172431,False,e934f753,0b31f358-eb70-43b9-bd14-e740e5ccfcbf,36ccb4ac
process,1656931132.787702,1656931132.828605,False,35258b5d,c55989f4-1198-4b44-b33c-7f49c4b41df8,36ccb4ac
process,1656931133.067444,1656931133.108191,False,35258b5d,b1034cbc-0b5e-4ea8-968b-4c21b2dae37d,36ccb4ac
process,1656931132.651375,1656931132.69153,False,b6d90569,e3b508a1-d19d-4f27-a84a-e9bb78393217,36ccb4ac
process,1656931132.400882,1656931132.453663,False,fb360ad7,282c16e1-7018-4a12-ac56-048e887dcf4b,36ccb4ac
process,1656931132.927656,1656931132.972779,False,872d18fd,19e7b5b3-a14e-4719-a38b-a9cfd45e2647,36ccb4ac
process,1656931132.264046,1656931132.268882,False,1c2a549b,639b47af-f695-46b4-a48b-8530082a144e,36ccb4ac
process,1656931133.20501,1656931133.20972,False,fa05986f,6f0bed28-6e03-4283-9670-64c1204c9ed5,36ccb4ac
process,1656931133.32868,1656931133.377461,False,283cd8a8,32b202c2-e8ed-436c-a93d-1bdaee3fc06d,36ccb4ac
process,1656931132.535164,1656931132.551936,False,8869b5ba,bc6b73b0-7a04-4fcf-a170-d2bb0a2b09be,36ccb4ac
gen,1656931132.107202,1656931132.143931,False,588130e2,e080f903-1ad2-421f-99c4-a3c6f2bb412d,277a8fd3
process,1656931133.344063,1656931133.356849,False,6ac2a311,87188472-eac8-4798-8080-dcc4b9ef2a65,277a8fd3
process,1656931133.20128,1656931133.254053,False,fb360ad7,6fe6bc7c-339d-4e3a-be6d-ba7ced9e90ef,277a8fd3
process,1656931132.514535,1656931132.526448,False,20b4ec97,0b20b741-cf5c-4ab4-935b-a24e36abe362,277a8fd3
process,1656931132.389579,1656931132.394213,False,d1122861,92425f63-9f48-4bc4-84cf-4e030dc4a860,277a8fd3
process,1656931132.945536,1656931132.974252,False,5482ae7d,7fa3c889-365f-4a35-b67b-a35b57877ba8,277a8fd3
process,1656931132.79313,1656931132.825898,False,008510af,430791d6-94dd-4468-ad35-cbaae5b85cc8,277a8fd3
process,1656931132.251416,1656931132.288395,False,42843538,c14fd26b-a973-4e35-9ea4-2b1240789396,277a8fd3
process,1656931133.076962,1656931133.125788,False,fdfab3c4,92a4976f-cc40-4a69-aedf-10a3daaf563a,277a8fd3
process,1656931132.641206,1656931132.694446,False,6ac2a311,f32163e4-ebb3-4502-86d3-903193dff8dd,277a8fd3
process,1656931132.644875,1656931132.66573,False,2031d29e,3b7e439e-3c51-4b76-8b04-89d8a95ca8f3,ea1df1c7
process,1656931133.553927,1656931133.594983,False,d1122861,4014d2da-82fe-4b88-a6ef-38052f2877e8,ea1df1c7
gen,1656931132.227894,1656931132.23254,False,7c0c046e,3ac54edb-631c-4cd1-9501-aae5aa9e630a,ea1df1c7
process,1656931133.170557,1656931133.215372,False,d1122861,0af0e9f2-43d1-433d-a57d-ff6daccd29b5,ea1df1c7
process,1656931133.04952,1656931133.094415,False,7e000bf3,e0ebe5e2-d0d2-41d2-b841-1930f0e636fb,ea1df1c7
process,1656931132.43241,1656931132.474472,True,7a4a10b2,0d7dfc23-18c4-4178-9877-72ecf499ead4,ea1df1c7
process,1656931133.680426,1656931133.713184,False,e5d02bed,13c0773b-a2b4-40c9-b045-c8d3865282a3,ea1df1c7
process,1656931133.306321,1656931133.315138,False,e5d02bed,1b5de2dd-4d2b-4a76-984a-344f3bc699f5,ea1df1c7
process,1656931132.924727,1656931132.928836,False,d18eb47f,fd122c1d-de7c-44a4-a8ea-99f002de1407,ea1df1c7
process,1656931133.424603,1656931133.461422,False,20d8a191,0d71181e-8f1e-47d2-9f35-9a1a5780948f,ea1df1c7
process,1656931133.193629,1656931133.206476,False,2031d29e,7f1ff88b-7d77-414c-b741-6cedd6c42531,bcbea280
process,1656931132.395924,1656931132.428767,False,4d24a5a1,3cc039a9-333c-44c9-906f-ea55738fcacb,bcbea280
process,1656931132.660127,1656931132.684985,False,8e3c6ffb,972a1d48-d5c5-4088-8523-22c8b47c72ea,bcbea280
process,1656931133.064863,1656931133.106632,False,008510af,1c15f876-a13c-498b-a402-ff670f3b9023,bcbea280
process,1656931132.91947,1656931132.936191,False,fb360ad7,12c46343-79fd-4b1c-8b2e-560d097146c1,bcbea280
process,1656931132.522283,1656931132.571669,False,55fa9203,0c1c4f0d-f1bc-49ad-a594-0d68dc81751a,bcbea280
process,1656931132.260937,1656931132.285715,False,20b4ec97,f26b3bf6-e03d-4e81-8c9b-61119bb1d9ef,bcbea280
process,1656931133.318458,1656931133.347323,False,35258b5d,713eeeb4-b37c-477f-a094-54bdcea55b12,bcbea280
process,1656931132.793043,1656931132.845868,False,fdfab3c4,3b75c191-621a-4876-85db-ea644892115b,bcbea280
gen,1656931132.123204,1656931132.148034,False,a0fb8c8b,2b1888f1-8bdf-49de-b71e-d207a91a596f,bcbea280
process,1656931132.61742,1656931132.658216,False,1c2a549b,e74763eb-ac72-4eb0-9215-b7a0e3f5528b,6862eb5d
process,1656931132.486729,1656931132.503413,False,20d8a191,4668be16-2438-47bd-9c91-f29bef518c06,6862eb5d
gen,1656931132.103626,1656931132.148475,False,45d0e6e4,a5afcc4f-0783-46b1-aa18-78040c302d55,6862eb5d
process,1656931132.967871,1656931133.012853,False,55fa9203,7d07b312-ccdc-4551-a68a-c50eb054010a,6862eb5d
process,1656931132.22595,1656931132.250853,False,f7c2379c,dd2d0d4a-bc3e-4fff-925a-fdf504be0a5c,6862eb5d
process,1656931132.362257,1656931132.418586,False,68e7ac64,2c36adf7-e29a-4d8a-965c-b873343ccf8c,6862eb5d
process,1656931133.404342,1656931133.445187,False,2031d29e,49317673-71e0-4a74-b1da-10886024474d,6862eb5d
process,1656931133.246814,1656931133.299082,False,68e7ac64,79d0bc7b-969f-473a-b0ff-f0970a1e55ee,6862eb5d
process,1656931132.847042,1656931132.879846,False,283cd8a8,05c1fd6c-dcdc-4775-8e60-2a44543caa34,6862eb5d
process,1656931133.102522,1656931133.135262,False,fb360ad7,21baccc2-499e-4806-87ef-62fee7fa4ea1,6862eb5d
gen,1656931132.23592,1656931132.292657,False,e7ec4ccd,a3e66fb1-d48b-44eb-9506-f4500575aba4,757c347e
process,1656931132.667659,1656931132.672316,False,283cd8a8,b96f97ef-0b74-4935-af40-a1bf92cec17e,757c347e
process,1656931133.328427,1656931133.377624,False,1c2a549b,85661e37-23a2-414e-afcd-7947b2bbe9d8,757c347e
process,1656931132.794781,1656931132.815662,False,7a4a10b2,b0eaebe2-b2bb-4894-bcf9-5f4767787a0e,757c347e
process,1656931132.938561,1656931132.970732,False,b6d90569,6a6d3668-dd96-4d89-aebb-192b6a7c22e3,757c347e
process,1656931133.071952,1656931133.112977,False,55fa9203,813db30c-5f3d-417b-b6af-15934c9fc635,757c347e
process,1656931133.463382,1656931133.496187,False,d1122861,cc873b6b-ab30-402a-8912-11bb0e690a42,757c347e
process,1656931132.494838,1656931132.535728,False,6ac2a311,7d60ab32-da3a-44f2-b882-706276188c44,757c347e
process,1656931133.201424,1656931133.242218,False,8e3c6ffb,ed416537-cd5e-44c8-80d7-4fc97d0e0ec5,757c347e
process,1656931132.366447,1656931132.410587,False,b6d90569,d409ac7f-af95-410d-ade2-59b4b194242d,757c347e
process,1656931133.022404,1656931133.055092,False,5482ae7d,901290fc-3b3f-4221-ba31-36ade9236e7e,8f3280f4
process,1656931133.314144,1656931133.354899,False,fb360ad7,3a57f770-890e-480a-8270-70c8d6a7dee9,8f3280f4
process,1656931132.738281,1656931132.811322,False,1b43fa89,35ca243a-469f-4e7b-bfa3-9b43925a1d43,8f3280f4
gen,1656931132.109739,1656931132.114464,False,9b7f5438,8b314422-f1f3-4fc6-9a35-0deadf866ebf,8f3280f4
process,1656931132.246636,1656931132.29156,False,55fa9203,793b8a32-dd37-4ddd-90ed-87d87c87cf60,8f3280f4
process,1656931132.884119,1656931132.924975,False,20b4ec97,dc6ee293-895b-4099-a2a0-4687f5178739,8f3280f4
process,1656931132.488685,1656931132.529443,False,bccba0c5,f5953f01-7a33-4f76-b9c8-7831acec81fe,8f3280f4
process,1656931133.168869,1656931133.181091,False,68e7ac64,7ae2ad5b-062d-41ca-9fde-13b05a80cf76,8f3280f4
process,1656931132.364525,1656931132.368591,False,d18eb47f,b18ea714-702f-4c19-8d51-8f8b52e9d697,8f3280f4
process,1656931132.623647,1656931132.668503,False,e2fd944f,603454ce-8b7d-4c6b-8dae-b15df2ebdb91,8f3280f4
process,1656931132.931518,1656931132.93615,False,bccba0c5,75f28cdd-95aa-45c8-82c6-2a6288bbdd14,291c2b3d
process,1656931133.350171,1656931133.391028,False,8869b5ba,f1f8463a-d6e7-4946-bfb4-32a4dad2869a,291c2b3d
process,1656931133.068922,1656931133.085683,False,20b4ec97,bb8f5e6a-96d5-459e-bbd7-28b94078521b,291c2b3d
process,1656931133.204034,1656931133.261052,False,20d8a191,dbd187af-6f24-416e-906d-4e9abb212193,291c2b3d
process,1656931133.48353,1656931133.516327,False,fa05986f,2bb05d72-3ddf-44f2-9f50-146c24106d4d,291c2b3d
process,1656931132.784517,1656931132.829519,False,42843538,bd36d801-b153-47e5-b32a-ff14bb1278e9,291c2b3d
process,1656931132.522428,1656931132.527093,False,42843538,35c2c7b0-a9c3-4d2f-aeb7-6222629f1d78,291c2b3d
process,1656931132.650717,1656931132.691479,False,872d18fd,9a589816-4629-4e49-be2a-d048ef906bd2,291c2b3d
process,1656931132.386955,1656931132.399861,False,283cd8a8,1304b92d-83de-440e-94af-e3727bb10dea,291c2b3d
gen,1656931132.24525,1656931132.28618,False,f91ed08b,5c0ace25-f5e7-440c-9d17-eb7a799c3d39,291c2b3d
process,1656931132.406905,1656931132.451796,False,1b43fa89,c141b82a-2398-4cdb-83d9-df97b51dde04,a9e07a80
process,1656931132.77748,1656931132.794343,False,55fa9203,f61daa63-0399-416b-9ad8-27e9bd80f972,a9e07a80
gen,1656931132.143126,1656931132.16397,False,2ffa23f8,4bcd8825-1777-407e-90bb-e77594c986d3,a9e07a80
process,1656931133.320175,1656931133.365093,False,20b4ec97,4dfe5e4e-544b-49de-91fd-62342667cf63,a9e07a80
process,1656931133.188077,1656931133.22896,False,e2fd944f,504b8f2c-e168-42ff-9672-e32b89349fa9,a9e07a80
process,1656931132.909455,1656931132.954447,False,6ac2a311,cc9afa66-4d01-4f7f-9eb7-88cbf2c65b6a,a9e07a80
process,1656931133.035865,1656931133.060208,False,68e7ac64,641a47c9-8fed-4229-a8e8-b411211f2f05,a9e07a80
process,1656931132.281968,1656931132.314786,False,7e000bf3,e7e5909b-0e92-4c9e-9796-c9c70f7f72c1,a9e07a80
process,1656931132.655621,1656931132.668463,False,0d4dfc7f,f753f352-a453-496e-95f4-56de3f88514b,a9e07a80
process,1656931132.51946,1656931132.524024,False,5482ae7d,98113395-8415-4b6b-bc63-db0185ad433a,a9e07a80
process,1656931133.713521,1656931133.774216,False,fa05986f,27efcfc2-1e78-4441-ae8a-63be2c929cd3,e2499ba1
process,1656931132.521911,1656931132.530611,False,e2fd944f,dd3c884a-6834-4f19-a05c-fdaeb9ac3f60,e2499ba1
process,1656931132.390815,1656931132.395523,False,e5d02bed,773f9f7c-1d73-4964-817a-0d76cbab0aa8,e2499ba1
process,1656931133.317482,1656931133.330268,False,f7c2379c,a6096e2b-b191-4c11-a24f-e4f5aac62c16,e2499ba1
process,1656931133.560392,1656931133.613146,False,e5d02bed,1176b39d-fdd6-47ba-b834-0002c9599bfb,e2499ba1
process,1656931133.443896,1656931133.488748,False,f7c2379c,dcb8b89e-7282-4139-9fd5-d96efcccd0a4,e2499ba1
process,1656931132.641187,1656931132.645844,False,fa05986f,09ff051a-fb24-43d4-8c52-662995bbee41,e2499ba1
process,1656931133.191491,1656931133.196137,False,bccba0c5,6166181e-37c3-4d0b-a8cb-bfe2854f659f,e2499ba1
process,1656931133.046039,1656931133.095671,False,6ac2a311,9bcdb479-be01-4733-80d8-718b0a8fea80,e2499ba1
gen,1656931132.247399,1656931132.268441,False,a0fb8c8b,ba119d3f-e467-4270-a1c5-5f6507e0f955,e2499ba1
gen,1656931132.225537,1656931132.230195,False,588130e2,e67fd5c5-92b7-47d8-97f7-fd4723e334a3,174da5cd
process,1656931132.90519,1656931132.926331,False,2031d29e,d542aa6f-53ed-4dbb-84a8-e172dd2c45c0,174da5cd
process,1656931132.356856,1656931132.373766,False,55fa9203,a728238b-dea5-4503-a553-27587ac1f105,174da5cd
process,1656931133.190415,1656931133.247362,False,42843538,757a8243-f49a-4704-8faf-ebf6c6b04e51,174da5cd
process,1656931132.61788,1656931132.654706,False,55fa9203,0eda4178-586c-4f79-a6e8-0513cdbac4b1,174da5cd
process,1656931133.321785,1656931133.36656,False,fdfab3c4,f51083f8-f715-4a59-a039-edefc3e14448,174da5cd
process,1656931133.460737,1656931133.493439,False,5482ae7d,b19fda6d-e6d0-430d-b7dd-410f7137b40f,174da5cd
process,1656931132.490326,1656931132.504644,False,8e3c6ffb,835a8494-c5b0-42ae-9bfd-031e540186fe,174da5cd
process,1656931132.776981,1656931132.833762,False,7e000bf3,b89c28b2-2adf-4747-9723-ca5562b9df29,174da5cd
process,1656931133.043908,1656931133.117064,False,283cd8a8,fe07f38a-c7c1-4777-bea9-38b38500a360,174da5cd
process,1656931133.321092,1656931133.365859,False,008510af,5e012954-fc7c-40e3-8fe6-c31b1b9e53c1,96a6661d
process,1656931133.055927,1656931133.112733,False,7a4a10b2,254cbaab-d141-4bac-85af-266569a9b810,96a6661d
process,1656931132.494141,1656931132.535014,False,d1122861,6c5962e8-c20d-4200-b4de-74946ffb05d5,96a6661d
gen,1656931132.147677,1656931132.192594,False,daaf06ea,e941bd6b-fe7e-4f90-8700-34f6dd224886,96a6661d
process,1656931132.346901,1656931132.379751,False,1c2a549b,2ea2bcf1-c861-4e94-99d2-4814c14919a8,96a6661d
process,1656931132.628302,1656931132.669141,False,f7c2379c,b41ac38e-d4a0-424d-87a7-74df12760cec,96a6661d
process,1656931133.456997,1656931133.513815,False,7e000bf3,96aeb1ec-9e7f-46e5-aceb-a2c2d4a965e6,96a6661d
process,1656931132.914526,1656931132.955335,False,fa05986f,7ec3fe6f-c848-4bd7-9c10-11ac8df3d92c,96a6661d
process,1656931133.187393,1656931133.211683,False,d18eb47f,662843c0-c053-4397-98ea-3b6a165b61f9,96a6661d
process,1656931132.761336,1656931132.78642,False,2031d29e,edc34bc2-b7e2-4a4b-8d26-038b90ad5d44,96a6661d
process,1656931132.764879,1656931132.781102,False,68e7ac64,c8268b02-4453-4636-88c2-447f7229721b,5b544eff
process,1656931133.152855,1656931133.19374,False,7a4a10b2,ad30a390-a7d5-4073-bb2d-188da8152139,5b544eff
process,1656931132.511758,1656931132.528547,False,fdfab3c4,e69cf42e-6279-41e3-a002-4868b37e1dc3,5b544eff
process,1656931132.642432,1656931132.647043,False,e5d02bed,cb61a72d-de47-4290-a2d1-5416a258fa5e,5b544eff
process,1656931133.281761,1656931133.354962,False,fa05986f,5635b3f5-69be-4bf5-aa38-54658d5e7966,5b544eff
process,1656931133.025788,1656931133.034398,False,1b43fa89,22d2b510-4efd-4039-a2e0-a45aa21fbe70,5b544eff
process,1656931132.902098,1656931132.934926,False,7a4a10b2,ded6702e-a37a-48dd-939b-e24ab7ccc581,5b544eff
gen,1656931132.256802,1656931132.28563,False,a35625df,9d595d18-df52-4763-b0d9-16229ce76627,5b544eff
process,1656931132.376721,1656931132.397433,False,fa05986f,4a61d8b6-18cf-43e5-8940-2fd250a70930,5b544eff
process,1656931133.423045,1656931133.439783,False,1c2a549b,0c91b8fb-2524-4301-be33-614eaf8952ee,5b544eff
process,1656931133.296518,1656931133.329343,False,e2fd944f,bafbb63f-75f1-4f59-86f0-40278e7dc4a5,d42ff9b8
process,1656931132.906938,1656931132.935771,False,d1122861,5d4b8f37-b6b2-4b07-8c5e-35b87321bda8,d42ff9b8
gen,1656931132.241926,1656931132.282855,False,2ffa23f8,2b2e8241-7144-496a-81b6-29bef45233a1,d42ff9b8
process,1656931133.426096,1656931133.466912,False,fdfab3c4,ad3c79d2-51f8-4f4f-86f1-fa699ae00ed6,d42ff9b8
process,1656931133.167105,1656931133.20795,False,35258b5d,c7ac4436-391d-48d5-94b0-da4f6394b21e,d42ff9b8
process,1656931132.761358,1656931132.822198,False,8e3c6ffb,7fc524a7-4d03-4edb-9fb3-86977a887e79,d42ff9b8
process,1656931132.635627,1656931132.648663,False,fdfab3c4,bf6f0743-c98e-4a7c-9038-24170c1494c7,d42ff9b8
process,1656931132.379322,1656931132.424592,False,2031d29e,82dcbac5-d07a-4f61-9e3b-b220c7595310,d42ff9b8
process,1656931132.511993,1656931132.545005,False,2031d29e,4eacc830-96b8-4b5a-b63e-c03e0a8e1a4e,d42ff9b8
process,1656931133.029059,1656931133.033206,False,d18eb47f,078df0a1-98e2-45a9-a3e6-ae6ddac5c72a,d42ff9b8
process,1656931132.858262,1656931132.875145,False,55fa9203,6bb7532f-42fa-497a-9ac4-35ec33d6bf30,20fdecb4
process,1656931132.492007,1656931132.544727,False,0d4dfc7f,454bc05a-4c1b-4036-801b-dbcb7dee1124,20fdecb4
gen,1656931132.219379,1656931132.2443,False,feaf0f3d,7afc64aa-d928-4dc3-be0d-51fcaafecdc6,20fdecb4
process,1656931133.152308,1656931133.217265,False,283cd8a8,9c001f43-5fc9-4101-aa5a-9bdd75cd9339,20fdecb4
process,1656931132.351802,1656931132.404636,False,20b4ec97,9d41c4a3-4e0e-4334-b02b-0a07f31b50ea,20fdecb4
process,1656931133.438084,1656931133.490952,False,8869b5ba,02aa6581-3c3f-408a-b762-9dffa0c0eb92,20fdecb4
process,1656931132.738737,1656931132.790961,False,b6d90569,8d92ffa4-d51b-477e-9900-b1c375996fc0,20fdecb4
process,1656931132.61223,1656931132.652977,False,5482ae7d,541dfad9-565a-4565-86ba-4bf5a16ab9ef,20fdecb4
process,1656931133.009179,1656931133.017916,False,fa05986f,df60ac5e-dc7b-41fe-9e59-c973c881148f,20fdecb4
process,1656931133.300495,1656931133.345477,False,2031d29e,43dd266b-569b-45ab-9162-20549920877c,20fdecb4
process,1656931133.524381,1656931133.557321,False,6ac2a311,e62d1238-b1a6-4bd0-9525-3dca64b6e888,a00d6102
process,1656931132.369103,1656931132.426008,False,fdfab3c4,79d6ddfe-2bf8-4b60-b61f-55ea471de190,a00d6102
process,1656931133.250241,1656931133.291021,False,8869b5ba,4d9c55d7-6da6-4b0f-8671-3b632d99b256,a00d6102
process,1656931133.387931,1656931133.416786,False,fa05986f,bfef765a-8d7d-4a54-9b09-678bbfa908cc,a00d6102
process,1656931133.092447,1656931133.129296,False,e2fd944f,93c452e6-897a-43cf-bf9e-1a306e510e8a,a00d6102
process,1656931132.510645,1656931132.527626,False,008510af,656af008-09b6-4175-9fb8-5c4c8d238e34,a00d6102
process,1656931132.79419,1656931132.798807,False,20b4ec97,7f47df53-62f1-4e83-9a59-c6f284c27a76,a00d6102
gen,1656931132.238702,1656931132.24273,False,fa52dac2,0c9ce034-583e-48a6-a2e1-71cd49186898,a00d6102
process,1656931132.937324,1656931132.998432,False,283cd8a8,e6c85dde-8ae2-44a5-8ada-92f149e6c4b0,a00d6102
process,1656931132.648012,1656931132.672759,False,1b43fa89,3f00a852-0cbc-4efd-aefe-b7a3d8e57449,a00d6102
process,1656931133.160211,1656931133.189005,False,fdfab3c4,20352234-13aa-4044-840a-6036912edcae,1dda221a
process,1656931133.293756,1656931133.342694,False,8e3c6ffb,1095db6b-583d-4936-ab27-fce3c648aee1,1dda221a
process,1656931132.369221,1656931132.390188,False,e2fd944f,1fb96697-a1d2-4557-bcd4-94d5304665d2,1dda221a
process,1656931133.440146,1656931133.452922,False,872d18fd,511d3b0a-44f4-494a-8bd3-d3cf3e4d7ce3,1dda221a
gen,1656931132.239745,1656931132.252614,False,fe26fe47,ba9e328a-eb46-4645-b0ef-dff562e3e2a4,1dda221a
process,1656931132.490443,1656931132.499273,False,283cd8a8,0dca94bd-0842-4665-9c5f-0993b8717c0d,1dda221a
process,1656931133.018863,1656931133.051684,False,bccba0c5,7c002283-74c0-4097-a5cb-5770c473124d,1dda221a
process,1656931132.884564,1656931132.925615,False,008510af,4e0c2b12-e1d6-4a90-a7a3-7f4026331c67,1dda221a
process,1656931132.689623,1656931132.71452,False,7a4a10b2,0daa5b91-09cd-45aa-8016-520e0148a3c8,1dda221a
process,1656931133.562213,1656931133.595159,False,7e000bf3,07a66d60-4b63-48b9-a0e3-7637373f2222,1dda221a
process,1656931133.299366,1656931133.30396,False,bccba0c5,939b3776-3944-4d32-980d-de9c3c09b4a4,a2a9ffc0
process,1656931133.025114,1656931133.065906,False,0d4dfc7f,b669e0b6-13ad-418c-89f9-309f827ed26b,a2a9ffc0
process,1656931133.424566,1656931133.465429,False,008510af,9d34cbd6-9364-4b2b-a746-58a46d50a04b,a2a9ffc0
process,1656931132.769442,1656931132.814261,False,fb360ad7,f8164d3d-c767-4532-b596-063b01d37d27,a2a9ffc0
process,1656931132.508009,1656931132.548735,False,35258b5d,830ab622-dc87-437a-ae87-94090a823e66,a2a9ffc0
process,1656931132.635858,1656931132.66484,False,20b4ec97,e02895e3-9323-414b-9978-56f6f94d5c3a,a2a9ffc0
process,1656931133.179485,1656931133.228214,False,f7c2379c,2c696f15-869c-461c-8325-024d185d3479,a2a9ffc0
process,1656931132.373707,1656931132.414566,False,7e000bf3,3bf96b0b-d416-44d4-af6a-b35934087147,a2a9ffc0
gen,1656931132.230184,1656931132.234886,False,45d0e6e4,06c13ac9-85d0-4ac8-9ab7-aa363a935f0d,a2a9ffc0
process,1656931132.887099,1656931132.927949,False,35258b5d,1ec0296c-ecdd-4833-9228-152288303899,a2a9ffc0
process,1656931133.032663,1656931133.081494,False,8e3c6ffb,c5ca385c-56f6-48fd-a8db-6bafb2c1e739,f0a49f6a
process,1656931133.15134,1656931133.224717,False,008510af,3dacad3a-f336-4a84-b6e9-84254b58bda2,f0a49f6a
process,1656931132.379021,1656931132.383845,False,008510af,4bd60a4d-f8a3-4d33-bbef-0ac85963879b,f0a49f6a
process,1656931133.425281,1656931133.46617,False,0d4dfc7f,64dc4abd-c128-4db0-9554-b3909424624d,f0a49f6a
process,1656931132.903192,1656931132.939709,False,68e7ac64,eda421ad-4faf-4ad0-b03d-8ebefb38fe94,f0a49f6a
process,1656931132.501838,1656931132.554541,False,fa05986f,19b4b3bb-ab9f-4f2a-b242-f85c163688ad,f0a49f6a
process,1656931132.741671,1656931132.814895,False,6ac2a311,34c0eac1-39ad-4f6a-84c0-cc688544abc5,f0a49f6a
gen,1656931132.248461,1656931132.253096,False,7b6784f5,1afcac38-39d2-4368-8c6b-66b5cd48bc9c,f0a49f6a
process,1656931132.630969,1656931132.667708,False,4d24a5a1,bc8935a8-5e0d-43d1-a9c8-627281fcc59a,f0a49f6a
process,1656931133.297419,1656931133.310316,False,42843538,ea8932f5-887a-4139-adf8-a8af1c1cc3df,f0a49f6a
gen,1656931132.219579,1656931132.272469,False,e934f753,6b72b650-7e91-408b-945d-3aa87ec44310,74b5ff7c
process,1656931132.628387,1656931132.649256,False,35258b5d,2ffbc754-a73d-4fa9-b595-be1ddbfa8fff,74b5ff7c
process,1656931133.018764,1656931133.070958,False,b6d90569,dd13f326-a631-4da8-ad28-a296e367306c,74b5ff7c
process,1656931132.760388,1656931132.801229,False,20d8a191,c89eccb0-5448-41d1-a311-5551c47e13ce,74b5ff7c
process,1656931132.491331,1656931132.532036,False,1b43fa89,b872cf4d-dcdc-41b0-b3da-56ee32953df3,74b5ff7c
process,1656931133.303256,1656931133.316249,False,7e000bf3,c03d2a51-0b57-4b1d-8e45-2f78b88b02b8,74b5ff7c
process,1656931132.892718,1656931132.929552,False,f7c2379c,e83fcad5-2a27-40a9-baf4-78c8f41a77e6,74b5ff7c
process,1656931132.352679,1656931132.393399,False,5482ae7d,2da3224b-317a-4582-b883-7f6c5fdddcc6,74b5ff7c
process,1656931133.432874,1656931133.477847,False,283cd8a8,5efdeb27-6654-4537-8cd6-be1e6f4aeb6b,74b5ff7c
process,1656931133.171682,1656931133.212421,False,e5d02bed,689a4771-f614-438a-a760-b3603e1fd9a9,74b5ff7c
process,1656931132.630064,1656931132.670389,False,d18eb47f,914ae0d0-dde8-4961-a06d-5145155ef92f,bfc845de
process,1656931132.504529,1656931132.513373,False,872d18fd,22fdf3ed-6208-4d46-a5cb-8f9bceeb1133,bfc845de
process,1656931133.000921,1656931133.073954,False,fb360ad7,8b35cccd-ee5b-4584-a76f-9cb433a57068,bfc845de
process,1656931133.140525,1656931133.177473,False,6ac2a311,d541fde1-66de-4eba-8d21-0195b5d61489,bfc845de
process,1656931132.760387,1656931132.789212,False,bccba0c5,75981835-221e-49b5-b8b3-19ba29a16690,bfc845de
gen,1656931132.235607,1656931132.276492,False,a4c66359,0bb4d9af-c6ee-4864-9e81-886aaa429a98,bfc845de
process,1656931132.886619,1656931132.891239,False,e5d02bed,dcfd5ca4-c39f-4428-9946-334ed546097c,bfc845de
process,1656931133.440824,1656931133.493665,False,fb360ad7,240a139f-2ac0-44fe-9457-a030dcffbd40,bfc845de
process,1656931133.290945,1656931133.351844,False,872d18fd,fca6357e-eeaa-408d-9386-0786b5b11aa5,bfc845de
process,1656931132.368519,1656931132.389361,False,35258b5d,f7df7138-db94-4870-8d91-21c4ee1431e6,bfc845de
process,1656931133.172138,1656931133.212901,False,5482ae7d,e6812415-f7ac-4344-a460-411b0197b1f9,2852c936
process,1656931133.311854,1656931133.332081,False,b6d90569,9ea46301-0b0f-4373-b56b-88bdc67df47f,2852c936
process,1656931132.478429,1656931132.495396,False,e5d02bed,a731f12b-a5d7-48ee-914a-44c390fc706f,2852c936
process,1656931132.625484,1656931132.646336,False,008510af,8f668875-5796-48eb-a91d-826fb03f62ef,2852c936
process,1656931133.444136,1656931133.4522,False,b6d90569,dd35f4ec-6891-4d5d-b1e2-07eaf442c71e,2852c936
process,1656931132.355785,1656931132.38854,False,f7c2379c,58bc79c4-dade-42e9-b04f-8b55872f9358,2852c936
gen,1656931132.227445,1656931132.236407,False,c6631c06,5b934882-5f10-49a4-8ba3-059502af54e5,2852c936
process,1656931132.762024,1656931132.786769,False,0d4dfc7f,c6642894-789f-4da0-bb66-1523bee53860,2852c936
process,1656931133.042644,1656931133.05938,False,1c2a549b,9e4c483d-f3fa-4ec4-b7e1-cb7c72fddde3,2852c936
process,1656931132.887822,1656931132.928664,False,42843538,ecf7480b-c36c-4fd4-b508-7cf9f9b2604d,2852c936
process,1656931132.387108,1656931132.404045,False,8e3c6ffb,f030eb51-27a4-4c6f-96fd-cb21e54ebedf,086f2633
process,1656931132.651915,1656931132.708764,False,bccba0c5,bec2a8f6-1867-4305-b7dd-538bd25c34a5,086f2633
process,1656931132.782659,1656931132.79136,False,f7c2379c,5ad74740-e0c1-4117-937f-fccbdc27466e,086f2633
process,1656931133.484698,1656931133.513432,False,e5d02bed,3d1910c5-f5c9-40a3-a32c-1ffef269be03,086f2633
process,1656931133.172006,1656931133.212816,False,55fa9203,e628c1ed-9d2e-4eec-80c2-ef0948312e57,086f2633
process,1656931133.608337,1656931133.617112,False,fa05986f,e484f17a-3875-4e30-98c2-d4f5c439ff0b,086f2633
gen,1656931132.242005,1656931132.246628,False,5bda293d,84a0984f-8df1-4ac8-8484-a62646236c74,086f2633
process,1656931132.907341,1656931132.96008,False,20d8a191,77a2c0c8-e69b-41d6-879d-520f13c089fb,086f2633
process,1656931133.031637,1656931133.06448,False,2031d29e,aa40c8ee-0fc9-41b0-abdb-0092adfa0404,086f2633
process,1656931132.518277,1656931132.559033,False,1c2a549b,f3cc252e-70b3-4284-9cd2-91e20bcc8de3,086f2633
process,1656931133.169773,1656931133.198678,False,1c2a549b,4f5e96d4-bb1b-43a8-9021-7a74b9458489,9951c529
process,1656931133.451395,1656931133.488329,False,35258b5d,93e7f277-9780-4859-984d-6d7bb4ca8391,9951c529
process,1656931132.517155,1656931132.52122,False,68e7ac64,494eaa39-8b8a-4fcf-b22d-ab495e743789,9951c529
process,1656931132.637627,1656931132.641691,False,68e7ac64,a18de72e-245d-4d5d-ba48-6ed03125d8cd,9951c529
process,1656931133.300409,1656931133.341212,False,20d8a191,28c75e29-f81b-4339-8ad8-797ffce949ee,9951c529
process,1656931132.89739,1656931132.958152,False,1c2a549b,e3530a42-9fc5-4b6d-ab88-f026eb566c47,9951c529
process,1656931132.780216,1656931132.784286,False,d18eb47f,4c1a2834-2121-49cf-85ac-264631c69fdb,9951c529
process,1656931132.381829,1656931132.402621,False,20d8a191,56d8e792-f69f-4b29-91ba-e62ac5aea876,9951c529
process,1656931133.032501,1656931133.049396,False,42843538,346ec5b4-f283-4a67-982d-6763ae4f5d11,9951c529
gen,1656931132.238993,1656931132.271817,False,6f808777,f4537e4a-104f-470c-907a-3e0050848618,9951c529
process,1656931132.926738,1656931132.971458,False,1b43fa89,f4fc22fc-6587-4296-a329-9c5d86c11ed3,d180e0e7
process,1656931133.045306,1656931133.058046,False,d1122861,56ecec35-6d0b-4f85-a758-7c417e96b828,d180e0e7
process,1656931132.795496,1656931132.820299,False,1c2a549b,1669f0eb-5abf-483c-a66b-30ad2816b063,d180e0e7
process,1656931133.171927,1656931133.196896,False,7e000bf3,37d1ad40-0aed-4439-8816-68ea08eb6d19,d180e0e7
gen,1656931132.251611,1656931132.292652,False,daaf06ea,8daffee8-7058-4e12-b71b-131f3939d655,d180e0e7
process,1656931132.668844,1656931132.677568,False,d1122861,dabf5d60-017a-4d3d-bf49-6722b10c45c1,d180e0e7
process,1656931133.45453,1656931133.483282,False,8e3c6ffb,10df23e4-6e1c-46b0-8db9-70f639e1a606,d180e0e7
process,1656931132.39673,1656931132.425547,False,0d4dfc7f,91cc7678-cf94-40e1-8df7-0e6dcdaa8c24,d180e0e7
process,1656931133.323905,1656931133.328512,False,0d4dfc7f,2bd66234-3b04-451e-bfbc-34ed5bde220d,d180e0e7
process,1656931132.53986,1656931132.588554,False,f7c2379c,c2adc235-2ad6-4388-b20e-0fdc1aab92e8,d180e0e7
process,1656931132.487259,1656931132.528241,False,4d24a5a1,81cc4342-c0c1-4177-8600-94da52223aa3,d766946b
gen,1656931132.22589,1656931132.23053,False,9b7f5438,e86bab2d-92c6-4cd1-a98e-144a569b0806,d766946b
process,1656931132.758142,1656931132.814872,False,d1122861,da48a68e-d218-46af-ba0f-357dd5a4b76c,d766946b
process,1656931133.019264,1656931133.072027,False,872d18fd,16c8e7bb-141b-403f-923a-64a947a5fe80,d766946b
process,1656931133.289904,1656931133.350178,False,d18eb47f,381f2276-0c22-415f-a7f8-b1a4ffad9ff6,d766946b
process,1656931132.360264,1656931132.373045,False,8869b5ba,3460389b-0666-42ec-8137-875e98ae7672,d766946b
process,1656931133.1372,1656931133.210042,False,8869b5ba,40199a53-f0f4-42bd-951d-fb70f51ba479,d766946b
process,1656931132.64159,1656931132.694492,False,7e000bf3,f815ec52-aa83-4c35-94e5-de1461ad1cce,d766946b
process,1656931132.886061,1656931132.926813,False,fdfab3c4,a5d4fc5a-89ef-4148-91a1-ab8220737d50,d766946b
process,1656931133.422522,1656931133.483246,False,20b4ec97,e0ac1f6d-5e1e-4ba6-accb-3aef82b1df2a,d766946b
