func,start,end,is_cold,container_id,provider.request_id,blob.upload,blob.download,request_id,provider.execution_duration,provider.init_duration,max_mem_used,billing.duration,billing.mem,billing.gbs
process,1706570317.250117,1706570317.251098,False,b16dccc2,h10gzwfwj5hs,0,0,1d4e10fd,10000.0,0.0,,,,0.0
process,1706570317.095504,1706570317.097203,False,d3cbba9b,tyktjfm3svet,0,0,1d4e10fd,79000.0,0.0,,,,0.0
process,1706570316.735682,1706570316.742994,True,d3cbba9b,tykt4ipe5wbi,0,0,1d4e10fd,75000.0,0.0,,,,0.0
gen,1706570315.084652,1706570315.08573,False,1f61ce18,6psi7ymghmb3,0,0,1d4e10fd,30000.0,0.0,,,,0.0
process,1706570315.179768,1706570315.180741,False,b16dccc2,h10gx1emkiu6,0,0,1d4e10fd,9000.0,0.0,,,,0.0
process,1706570317.331436,1706570317.332451,False,b16dccc2,h10g14z80gis,0,0,1d4e10fd,9000.0,0.0,,,,0.0
process,1706570317.005699,1706570317.006718,False,b16dccc2,h10g6xqru0s3,0,0,1d4e10fd,21000.0,0.0,,,,0.0
process,1706570317.426344,1706570317.469877,False,d3cbba9b,tyktbny04i2l,0,0,1d4e10fd,57000.0,0.0,,,,0.0
process,1706570316.844564,1706570316.904365,False,b16dccc2,h10gksnls41r,0,0,1d4e10fd,77000.0,0.0,,,,0.0
process,1706570317.43074,1706570317.431967,False,6fb3c1fd,3n1yujmiy3fm,0,0,da8ca249,11000.0,0.0,,,,0.0
process,1706570317.519316,1706570317.520302,False,b16dccc2,h10gt8zrs1d6,0,0,da8ca249,9000.0,0.0,,,,0.0
process,1706570317.896378,1706570317.897961,False,d3cbba9b,tykt5j3plaau,0,0,da8ca249,14000.0,0.0,,,,0.0
process,1706570317.726134,1706570317.727141,False,b16dccc2,h10gusoh1ksd,0,0,da8ca249,9000.0,0.0,,,,0.0
process,1706570317.97416,1706570317.975155,False,b16dccc2,h10g64l4f8zp,0,0,da8ca249,9000.0,0.0,,,,0.0
process,1706570317.797474,1706570317.799021,False,71e1db09,kfft9ubxm7rl,0,0,da8ca249,11000.0,0.0,,,,0.0
process,1706570317.253722,1706570317.261519,True,e98eb64d,zlbvk1tq8dm5,0,0,da8ca249,295000.0,0.0,,,,0.0
process,1706570317.62359,1706570317.625904,False,71e1db09,kfftbqtlqxhv,0,0,da8ca249,12000.0,0.0,,,,0.0
gen,1706570315.259397,1706570315.260541,False,83069765,f4wlygfmkbrf,0,0,da8ca249,80000.0,0.0,,,,0.0
process,1706570317.779127,1706570317.780839,False,d3cbba9b,tyktc3da95hs,0,0,433d044c,68000.0,0.0,,,,0.0
process,1706570317.464902,1706570317.474206,True,b598d4bb,eoni7z7juibr,0,0,433d044c,295000.0,0.0,,,,0.0
process,1706570315.356578,1706570315.357843,False,b16dccc2,h10gg79bxjuh,0,0,433d044c,12000.0,0.0,,,,0.0
process,1706570315.217536,1706570315.218887,False,b16dccc2,h10g14ovg1pg,0,0,433d044c,12000.0,0.0,,,,0.0
process,1706570315.429083,1706570315.43015,False,b16dccc2,h10gig72sbgc,0,0,433d044c,10000.0,0.0,,,,0.0
process,1706570317.871314,1706570317.873361,False,71e1db09,kfftzfiqlrbg,0,0,433d044c,12000.0,0.0,,,,0.0
gen,1706570315.115827,1706570315.130257,False,1f61ce18,6psiid7bgw3n,0,0,433d044c,42000.0,0.0,,,,0.0
process,1706570317.655237,1706570317.656243,False,b16dccc2,h10g60vk5uus,0,0,433d044c,10000.0,0.0,,,,0.0
process,1706570315.285588,1706570315.286606,False,b16dccc2,h10g28z7vqbv,0,0,433d044c,10000.0,0.0,,,,0.0
process,1706570315.495632,1706570315.496636,False,b16dccc2,h10g5l6u6esp,0,0,cdf3a7be,9000.0,0.0,,,,0.0
process,1706570315.584859,1706570315.585844,False,b16dccc2,h10gbpz6nl3r,0,0,cdf3a7be,9000.0,0.0,,,,0.0
process,1706570315.822113,1706570315.823131,False,b16dccc2,h10gz8rh95bs,0,0,cdf3a7be,10000.0,0.0,,,,0.0
process,1706570315.405432,1706570315.406436,False,b16dccc2,h10g8uvupbwi,0,0,cdf3a7be,45000.0,0.0,,,,0.0
process,1706570315.667391,1706570315.66838,False,b16dccc2,h10gb2mkrw5j,0,0,cdf3a7be,9000.0,0.0,,,,0.0
process,1706570315.744637,1706570315.745624,False,b16dccc2,h10gq621cvun,0,0,cdf3a7be,9000.0,0.0,,,,0.0
process,1706570315.896985,1706570315.898176,False,b16dccc2,h10gkw3ojw07,0,0,cdf3a7be,13000.0,0.0,,,,0.0
gen,1706570315.23835,1706570315.248557,False,1f61ce18,6psiccdo8vp6,0,0,cdf3a7be,41000.0,0.0,,,,0.0
process,1706570316.0015,1706570316.002547,False,b16dccc2,h10gvi6p3d33,0,0,cdf3a7be,12000.0,0.0,,,,0.0
process,1706570317.569709,1706570317.571353,False,d3cbba9b,tyktcaz7gugz,0,0,4bc0f850,23000.0,0.0,,,,0.0
process,1706570317.668621,1706570317.670283,False,e98eb64d,zlbvcb3eqcif,0,0,4bc0f850,12000.0,0.0,,,,0.0
process,1706570317.304066,1706570317.306883,False,d3cbba9b,tykthiyamz0d,0,0,4bc0f850,70000.0,0.0,,,,0.0
process,1706570317.10908,1706570317.119137,True,71e1db09,kfft4fj2q0lv,0,0,4bc0f850,78000.0,0.0,,,,0.0
process,1706570317.464537,1706570317.466115,False,71e1db09,kffti5ku99k0,0,0,4bc0f850,11000.0,0.0,,,,0.0
gen,1706570315.167049,1706570315.168138,False,1f61ce18,6psinnoxlvmi,0,0,4bc0f850,68000.0,0.0,,,,0.0
process,1706570317.914901,1706570317.916739,False,6fb3c1fd,3n1ycqybgmyx,0,0,4bc0f850,12000.0,0.0,,,,0.0
process,1706570317.221076,1706570317.222111,False,b16dccc2,h10g3bumcrdq,0,0,4bc0f850,10000.0,0.0,,,,0.0
process,1706570317.803657,1706570317.805057,False,b16dccc2,h10g2y4sok0g,0,0,4bc0f850,64000.0,0.0,,,,0.0
process,1706570456.522134,1706570456.52442,False,3fc7c0a1,fsrnyxj1j97i,0,0,55ca9e72,25000.0,0.0,,,,0.0
gen,1706570456.426942,1706570456.428064,False,1f61ce18,6psigvhxq8do,0,0,55ca9e72,25000.0,0.0,,,,0.0
process,1706570456.649763,1706570456.652884,False,e98eb64d,zlbvvq1i4u3x,0,0,55ca9e72,62000.0,0.0,,,,0.0
process,1706570456.728231,1706570456.775286,False,1bea3092,jsz20aoy25p6,0,0,55ca9e72,60000.0,0.0,,,,0.0
process,1706570457.00374,1706570457.004815,False,b3a0bf24,wveakr8noj58,0,0,55ca9e72,12000.0,0.0,,,,0.0
process,1706570456.851431,1706570456.85316,False,79467179,vvha0ivo7h65,0,0,55ca9e72,9000.0,0.0,,,,0.0
process,1706570457.153736,1706570457.155913,False,c6889eb1,bqichp1tp3b4,0,0,55ca9e72,12000.0,0.0,,,,0.0
process,1706570457.089092,1706570457.090151,False,b3a0bf24,wvea8sqyw6ep,0,0,55ca9e72,10000.0,0.0,,,,0.0
process,1706570456.926667,1706570456.928783,False,a2c7c194,vigsbelu1hsb,0,0,55ca9e72,13000.0,0.0,,,,0.0
process,1706570457.403929,1706570457.405037,False,b16dccc2,h10gydc3v6hp,0,0,26a9a149,14000.0,0.0,,,,0.0
process,1706570456.909474,1706570456.910631,False,41c3dcf6,1whcjij18qeb,0,0,26a9a149,11000.0,0.0,,,,0.0
process,1706570457.082015,1706570457.093508,True,0c24a3a9,7jdoe0w2xmhe,0,0,26a9a149,184000.0,0.0,,,,0.0
process,1706570456.836675,1706570456.83815,False,79467179,vvhak143pg08,0,0,26a9a149,13000.0,0.0,,,,0.0
process,1706570456.545675,1706570456.613835,False,a1b29272,lgp5swanqvvy,0,0,26a9a149,76000.0,0.0,,,,0.0
process,1706570457.243727,1706570457.247114,False,e98eb64d,zlbvwt3czgf8,0,0,26a9a149,21000.0,0.0,,,,0.0
process,1706570456.695744,1706570456.697335,False,e98eb64d,zlbvtu60c29l,0,0,26a9a149,56000.0,0.0,,,,0.0
process,1706570457.32607,1706570457.327154,False,64ceb8cb,72adqky5unmu,0,0,26a9a149,9000.0,0.0,,,,0.0
gen,1706570456.436912,1706570456.437926,False,d2d8580e,2in1q9ed7a71,0,0,26a9a149,10000.0,0.0,,,,0.0
process,1706570456.719022,1706570456.72053,False,a2c7c194,vigs4dulrlp4,0,0,0a2c390a,11000.0,0.0,,,,0.0
process,1706570456.649716,1706570456.651403,False,c6889eb1,bqicqng37gbu,0,0,0a2c390a,14000.0,0.0,,,,0.0
process,1706570456.974433,1706570456.975521,False,b3a0bf24,wvead1azf5ko,0,0,0a2c390a,53000.0,0.0,,,,0.0
gen,1706570456.33925,1706570456.343901,False,8262be1e,2r07c26v9fdf,0,0,0a2c390a,17000.0,0.0,,,,0.0
process,1706570457.116321,1706570457.11753,False,41c3dcf6,1whclemnzqam,0,0,0a2c390a,10000.0,0.0,,,,0.0
process,1706570456.433744,1706570456.504584,False,b16dccc2,h10g26wsgmnd,0,0,0a2c390a,82000.0,0.0,,,,0.0
process,1706570456.793921,1706570456.864139,False,39273077,we8dgwjfc4ei,0,0,0a2c390a,79000.0,0.0,,,,0.0
process,1706570457.042914,1706570457.045158,False,3fc7c0a1,fsrnppqa85fx,0,0,0a2c390a,12000.0,0.0,,,,0.0
process,1706570456.579356,1706570456.581901,False,d3cbba9b,tyktf4wmw8fk,0,0,0a2c390a,18000.0,0.0,,,,0.0
gen,1706570456.330248,1706570456.331884,False,7e58754f,u0k8dvau00ds,0,0,37e2b0ff,16000.0,0.0,,,,0.0
process,1706570457.082948,1706570457.084136,False,620e857a,f1eylljek2ub,0,0,37e2b0ff,16000.0,0.0,,,,0.0
process,1706570456.430165,1706570456.431662,False,a1b29272,lgp5tokb3p5a,0,0,37e2b0ff,11000.0,0.0,,,,0.0
process,1706570456.513884,1706570456.515368,False,a1b29272,lgp5wjgweejb,0,0,37e2b0ff,29000.0,0.0,,,,0.0
process,1706570457.007584,1706570457.009687,False,3a5550cc,u3222flcaa7o,0,0,37e2b0ff,13000.0,0.0,,,,0.0
process,1706570456.682424,1706570456.6839,False,a1b29272,lgp5b6x7fbok,0,0,37e2b0ff,9000.0,0.0,,,,0.0
process,1706570456.882425,1706570456.889489,False,71e1db09,kfftudu9nsmw,0,0,37e2b0ff,69000.0,0.0,,,,0.0
process,1706570456.807831,1706570456.808813,False,b16dccc2,h10gufvz1xew,0,0,37e2b0ff,73000.0,0.0,,,,0.0
process,1706570456.614853,1706570456.616456,False,a2c7c194,vigszpa8t0e4,0,0,37e2b0ff,42000.0,0.0,,,,0.0
process,1706570456.888832,1706570456.89033,False,a1b29272,lgp51vuldwji,0,0,24922149,10000.0,0.0,,,,0.0
process,1706570456.708427,1706570456.709551,False,64ceb8cb,72ad6r0hewg8,0,0,24922149,15000.0,0.0,,,,0.0
process,1706570457.048253,1706570457.04925,False,b16dccc2,h10gc5q4wjon,0,0,24922149,73000.0,0.0,,,,0.0
process,1706570456.966949,1706570456.968481,False,d3cbba9b,tykt3pnb0bz8,0,0,24922149,19000.0,0.0,,,,0.0
process,1706570456.812783,1706570456.814143,False,64ceb8cb,72adlx1ahpwy,0,0,24922149,9000.0,0.0,,,,0.0
process,1706570456.637716,1706570456.638669,False,b16dccc2,h10g38r4rxb0,0,0,24922149,12000.0,0.0,,,,0.0
gen,1706570456.465155,1706570456.46643,False,503dbbd8,lldddh4pox8o,0,0,24922149,12000.0,0.0,,,,0.0
process,1706570457.185624,1706570457.187367,False,3a5550cc,u322qumtt57e,0,0,24922149,12000.0,0.0,,,,0.0
process,1706570456.560371,1706570456.56281,False,cead3cf4,7ih77ukq173m,0,0,24922149,34000.0,0.0,,,,0.0
process,1706570457.076446,1706570457.080751,False,e98eb64d,zlbvk6yv4dtv,0,0,4a76c840,81000.0,0.0,,,,0.0
process,1706570456.863655,1706570456.865349,False,3fc7c0a1,fsrn3yd78tjh,0,0,4a76c840,11000.0,0.0,,,,0.0
process,1706570457.293021,1706570457.294799,False,71e1db09,kfftc8573dkw,0,0,4a76c840,16000.0,0.0,,,,0.0
process,1706570457.21381,1706570457.215431,False,3a5550cc,u3224lene7i4,0,0,4a76c840,12000.0,0.0,,,,0.0
process,1706570456.786591,1706570456.788153,False,873c0291,gts3lhofhgqu,0,0,4a76c840,16000.0,0.0,,,,0.0
gen,1706570456.427824,1706570456.429705,False,7e58754f,u0k8g05fb4oq,0,0,4a76c840,79000.0,0.0,,,,0.0
process,1706570456.623462,1706570456.626188,False,3fc7c0a1,fsrnghmtqg1e,0,0,4a76c840,69000.0,0.0,,,,0.0
process,1706570456.710103,1706570456.714262,False,a1b29272,lgp5o1c48d4u,0,0,4a76c840,14000.0,0.0,,,,0.0
process,1706570457.00767,1706570457.008818,False,b16dccc2,h10gmte769e5,0,0,4a76c840,82000.0,0.0,,,,0.0
gen,1706570456.516493,1706570456.518241,False,8ebf392c,u6x01g9ygz9o,0,0,5f28705d,42000.0,0.0,,,,0.0
process,1706570456.583433,1706570456.584478,False,b3a0bf24,wvea2ryra3e3,0,0,5f28705d,11000.0,0.0,,,,0.0
process,1706570456.731176,1706570456.733301,False,39273077,we8dv2937495,0,0,5f28705d,39000.0,0.0,,,,0.0
process,1706570457.064409,1706570457.066087,False,c6889eb1,bqichay2wfng,0,0,5f28705d,60000.0,0.0,,,,0.0
process,1706570456.842142,1706570456.906491,False,b16dccc2,h10gcf03bqcn,0,0,5f28705d,89000.0,0.0,,,,0.0
process,1706570457.188531,1706570457.190096,False,c6889eb1,bqicb40h3grp,0,0,5f28705d,43000.0,0.0,,,,0.0
process,1706570457.304183,1706570457.305981,False,39273077,we8d8hmtxyhp,0,0,5f28705d,11000.0,0.0,,,,0.0
process,1706570456.988931,1706570456.98996,False,873c0291,gts3kkg0blbf,0,0,5f28705d,14000.0,0.0,,,,0.0
process,1706570456.651823,1706570456.654366,False,64ceb8cb,72ad4ptbmlmm,0,0,5f28705d,14000.0,0.0,,,,0.0
process,1706570456.532048,1706570456.533587,False,a2c7c194,vigsl03ugcpd,0,0,c5a410a8,11000.0,0.0,,,,0.0
process,1706570456.928357,1706570456.931069,False,cead3cf4,7ih73tzay6eu,0,0,c5a410a8,63000.0,0.0,,,,0.0
process,1706570456.620611,1706570456.622436,False,79467179,vvha23zie0j4,0,0,c5a410a8,13000.0,0.0,,,,0.0
process,1706570457.006842,1706570457.069063,False,39273077,we8derg33o4j,0,0,c5a410a8,75000.0,0.0,,,,0.0
gen,1706570456.451933,1706570456.45307,False,1f61ce18,6psin22igmkc,0,0,c5a410a8,11000.0,0.0,,,,0.0
process,1706570456.811223,1706570456.81269,False,a2c7c194,vigsjli8gmv9,0,0,c5a410a8,10000.0,0.0,,,,0.0
process,1706570457.208966,1706570457.210576,False,39273077,we8de3vi2k6g,0,0,c5a410a8,10000.0,0.0,,,,0.0
process,1706570457.14269,1706570457.144162,False,a1b29272,lgp5zvsgjypn,0,0,c5a410a8,10000.0,0.0,,,,0.0
process,1706570456.692049,1706570456.693073,False,1bea3092,jsz2w7i4vgbn,0,0,c5a410a8,10000.0,0.0,,,,0.0
process,1706570456.973542,1706570456.975234,False,79467179,vvhaeyffc12d,0,0,e3ca80b4,10000.0,0.0,,,,0.0
process,1706570456.472857,1706570456.475156,False,c6889eb1,bqick9acp6v1,0,0,e3ca80b4,19000.0,0.0,,,,0.0
process,1706570456.876592,1706570456.877645,False,64ceb8cb,72ad3ba0enaa,0,0,e3ca80b4,11000.0,0.0,,,,0.0
process,1706570456.653919,1706570456.706198,False,b16dccc2,h10gf28ztt9v,0,0,e3ca80b4,63000.0,0.0,,,,0.0
process,1706570457.071261,1706570457.073616,False,873c0291,gts3xgvcki9e,0,0,e3ca80b4,49000.0,0.0,,,,0.0
process,1706570456.798714,1706570456.800179,False,a2c7c194,vigs3el1z84b,0,0,e3ca80b4,11000.0,0.0,,,,0.0
process,1706570457.149087,1706570457.151578,False,41c3dcf6,1whcr57av43d,0,0,e3ca80b4,14000.0,0.0,,,,0.0
process,1706570456.57044,1706570456.572035,False,e98eb64d,zlbv6gwsu0t5,0,0,e3ca80b4,18000.0,0.0,,,,0.0
gen,1706570456.393531,1706570456.394645,False,1f61ce18,6psior0h4j8s,0,0,e3ca80b4,20000.0,0.0,,,,0.0
process,1706570457.143944,1706570457.146257,False,cead3cf4,7ih7j6t2n70q,0,0,705ccfb5,18000.0,0.0,,,,0.0
process,1706570457.02008,1706570457.075562,False,b3a0bf24,wveakfhgvi7t,0,0,705ccfb5,67000.0,0.0,,,,0.0
process,1706570456.929714,1706570456.94871,False,e98eb64d,zlbv9zoxjbpx,0,0,705ccfb5,34000.0,0.0,,,,0.0
process,1706570456.537961,1706570456.538946,False,b16dccc2,h10gzv4399pk,0,0,705ccfb5,69000.0,0.0,,,,0.0
process,1706570456.79829,1706570456.799873,False,b3a0bf24,wveaoad98xwc,0,0,705ccfb5,13000.0,0.0,,,,0.0
process,1706570457.221336,1706570457.222327,False,b16dccc2,h10goz2nwvyc,0,0,705ccfb5,9000.0,0.0,,,,0.0
process,1706570456.725238,1706570456.726937,False,c6889eb1,bqic688i6uu1,0,0,705ccfb5,74000.0,0.0,,,,0.0
process,1706570456.868763,1706570456.870388,False,cead3cf4,7ih7s1p0f9gr,0,0,705ccfb5,11000.0,0.0,,,,0.0
gen,1706570456.471329,1706570456.473298,False,8ebf392c,u6x0vfctbmpw,0,0,705ccfb5,14000.0,0.0,,,,0.0
process,1706570457.104132,1706570457.107453,False,873c0291,gts3hrodqfew,0,0,0ef19894,17000.0,0.0,,,,0.0
process,1706570457.032116,1706570457.033528,False,b16dccc2,h10g8mo5wsu0,0,0,0ef19894,10000.0,0.0,,,,0.0
process,1706570456.748489,1706570456.750398,False,c6889eb1,bqic705rt1y8,0,0,0ef19894,76000.0,0.0,,,,0.0
gen,1706570456.480608,1706570456.482802,False,c4ed2850,aq63ajo7xep9,0,0,0ef19894,17000.0,0.0,,,,0.0
process,1706570456.645249,1706570456.646294,False,1bea3092,jsz24zih88q3,0,0,0ef19894,39000.0,0.0,,,,0.0
process,1706570456.891951,1706570456.893411,False,620e857a,f1ey1u0489fk,0,0,0ef19894,93000.0,0.0,,,,0.0
process,1706570457.254696,1706570457.255994,False,64ceb8cb,72adciwxmohz,0,0,0ef19894,14000.0,0.0,,,,0.0
process,1706570456.563011,1706570456.564382,False,b3a0bf24,wveaefb87c7c,0,0,0ef19894,17000.0,0.0,,,,0.0
process,1706570457.180876,1706570457.183792,False,39273077,we8d58vnb97w,0,0,0ef19894,15000.0,0.0,,,,0.0
process,1706570456.983729,1706570456.985574,False,3fc7c0a1,fsrnaa3ljiy2,0,0,fc3ffb18,12000.0,0.0,,,,0.0
process,1706570457.075857,1706570457.076963,False,64ceb8cb,72adgsm5m3iz,0,0,fc3ffb18,10000.0,0.0,,,,0.0
process,1706570456.819299,1706570456.820975,False,a1b29272,lgp5nmevhkam,0,0,fc3ffb18,10000.0,0.0,,,,0.0
process,1706570456.736746,1706570456.73781,False,b16dccc2,h10gxqrb1sac,0,0,fc3ffb18,11000.0,0.0,,,,0.0
process,1706570456.908502,1706570456.909592,False,b3a0bf24,wvea3rb9re2w,0,0,fc3ffb18,12000.0,0.0,,,,0.0
process,1706570457.154353,1706570457.155993,False,3fc7c0a1,fsrn3uto0smc,0,0,fc3ffb18,11000.0,0.0,,,,0.0
process,1706570456.676341,1706570456.677867,False,3a5550cc,u32285rr6cnf,0,0,fc3ffb18,10000.0,0.0,,,,0.0
process,1706570456.595102,1706570456.596709,False,39273077,we8d0crb8b74,0,0,fc3ffb18,14000.0,0.0,,,,0.0
gen,1706570456.504338,1706570456.505892,False,8b1b0827,gjd01wedyukj,0,0,fc3ffb18,23000.0,0.0,,,,0.0
process,1706570456.688489,1706570456.689642,False,b3a0bf24,wveaau705x6d,0,0,4a31b355,13000.0,0.0,,,,0.0
process,1706570456.964481,1706570456.966957,False,3a5550cc,u3220tb0z27x,0,0,4a31b355,62000.0,0.0,,,,0.0
process,1706570456.849872,1706570456.852246,False,cead3cf4,7ih763w7dez7,0,0,4a31b355,16000.0,0.0,,,,0.0
gen,1706570456.403514,1706570456.405083,False,7e58754f,u0k80xlyeb3h,0,0,4a31b355,24000.0,0.0,,,,0.0
process,1706570456.548814,1706570456.550419,False,c6889eb1,bqicjyv4xvij,0,0,4a31b355,81000.0,0.0,,,,0.0
process,1706570456.484305,1706570456.485788,False,a1b29272,lgp52300hvdd,0,0,4a31b355,10000.0,0.0,,,,0.0
process,1706570456.779301,1706570456.780912,False,39273077,we8d8l8ykeo6,0,0,4a31b355,12000.0,0.0,,,,0.0
process,1706570457.069051,1706570457.071498,False,3a5550cc,u3223jozzoiw,0,0,4a31b355,44000.0,0.0,,,,0.0
process,1706570457.137766,1706570457.138752,False,b16dccc2,h10g2u43qtkl,0,0,4a31b355,9000.0,0.0,,,,0.0
process,1706570456.896534,1706570456.898311,False,3a5550cc,u3221pedi22j,0,0,5142e15c,14000.0,0.0,,,,0.0
process,1706570456.603078,1706570456.605308,False,3a5550cc,u3227xgbxq7c,0,0,5142e15c,13000.0,0.0,,,,0.0
process,1706570456.763212,1706570456.765007,False,3fc7c0a1,fsrn7szm1do6,0,0,5142e15c,69000.0,0.0,,,,0.0
process,1706570456.965471,1706570456.967291,False,71e1db09,kfftgnpelmv9,0,0,5142e15c,15000.0,0.0,,,,0.0
process,1706570456.688449,1706570456.689917,False,a2c7c194,vigsyv5e2m5q,0,0,5142e15c,11000.0,0.0,,,,0.0
gen,1706570456.479126,1706570456.528589,False,1f61ce18,6psiipuqceqf,0,0,5142e15c,76000.0,0.0,,,,0.0
process,1706570457.2526,1706570457.265623,False,39273077,we8dgjbwtfsi,0,0,5142e15c,25000.0,0.0,,,,0.0
process,1706570457.170094,1706570457.17133,False,873c0291,gts3vcj9gy82,0,0,5142e15c,67000.0,0.0,,,,0.0
process,1706570457.043679,1706570457.044727,False,1bea3092,jsz2nozmh2dj,0,0,5142e15c,10000.0,0.0,,,,0.0
process,1706570456.892923,1706570456.897038,False,e98eb64d,zlbv3w5882z1,0,0,ff19042b,20000.0,0.0,,,,0.0
process,1706570456.750005,1706570456.751654,False,cead3cf4,7ih7wltnvxvf,0,0,ff19042b,83000.0,0.0,,,,0.0
gen,1706570456.429046,1706570456.433342,False,fcfdb80a,et2dh7hymwxc,0,0,ff19042b,108000.0,0.0,,,,0.0
process,1706570457.279916,1706570457.281909,False,cead3cf4,7ih7dsxtvqge,0,0,ff19042b,18000.0,0.0,,,,0.0
process,1706570457.204122,1706570457.205098,False,b16dccc2,h10gj9j90r2i,0,0,ff19042b,68000.0,0.0,,,,0.0
process,1706570456.61341,1706570456.665585,True,620e857a,f1eynv33majv,0,0,ff19042b,85000.0,0.0,,,,0.0
process,1706570456.967887,1706570456.971784,False,e98eb64d,zlbvsn9kmsdr,0,0,ff19042b,21000.0,0.0,,,,0.0
process,1706570457.076289,1706570457.082342,False,d3cbba9b,tykt637wz6rx,0,0,ff19042b,39000.0,0.0,,,,0.0
process,1706570457.373132,1706570457.374091,False,b16dccc2,h10gpxefbv6q,0,0,ff19042b,10000.0,0.0,,,,0.0
process,1706570456.413642,1706570456.414633,False,b16dccc2,h10g8m9g7chd,0,0,b5de2f07,15000.0,0.0,,,,0.0
gen,1706570456.325992,1706570456.333542,False,1f61ce18,6psiem887dgh,0,0,b5de2f07,18000.0,0.0,,,,0.0
process,1706570456.473083,1706570456.475579,False,3fc7c0a1,fsrnro3biuga,0,0,b5de2f07,14000.0,0.0,,,,0.0
process,1706570457.036942,1706570457.038748,False,cead3cf4,7ih74mt23p62,0,0,b5de2f07,22000.0,0.0,,,,0.0
process,1706570456.634985,1706570456.636475,False,79467179,vvha1t6vkua7,0,0,b5de2f07,83000.0,0.0,,,,0.0
process,1706570456.56141,1706570456.563147,False,39273077,we8d5m8kw87a,0,0,b5de2f07,18000.0,0.0,,,,0.0
process,1706570456.961317,1706570456.963682,False,41c3dcf6,1whc6aqy7enj,0,0,b5de2f07,18000.0,0.0,,,,0.0
process,1706570456.881483,1706570456.889187,False,873c0291,gts37gd2a54p,0,0,b5de2f07,26000.0,0.0,,,,0.0
process,1706570456.777562,1706570456.779016,False,79467179,vvha9nf637ge,0,0,b5de2f07,43000.0,0.0,,,,0.0
gen,1706570456.527105,1706570456.529186,False,eceb7237,ap9oyyd9bnxh,0,0,5766af29,84000.0,0.0,,,,0.0
process,1706570456.605163,1706570456.606213,False,873c0291,gts3l4wal9vg,0,0,5766af29,12000.0,0.0,,,,0.0
process,1706570456.969775,1706570456.972761,False,64ceb8cb,72adoc7mc7wi,0,0,5766af29,26000.0,0.0,,,,0.0
process,1706570456.676578,1706570456.679947,False,71e1db09,kfftmfbbksa6,0,0,5766af29,74000.0,0.0,,,,0.0
process,1706570456.889988,1706570456.891009,False,b3a0bf24,wvea6fmo984g,0,0,5766af29,10000.0,0.0,,,,0.0
process,1706570457.221717,1706570457.224625,False,3fc7c0a1,fsrnxqveuhm0,0,0,5766af29,22000.0,0.0,,,,0.0
process,1706570457.04288,1706570457.045222,False,c6889eb1,bqic7xaquouo,0,0,5766af29,12000.0,0.0,,,,0.0
process,1706570456.810638,1706570456.812601,False,1bea3092,jsz2w9m7ivys,0,0,5766af29,20000.0,0.0,,,,0.0
process,1706570457.107798,1706570457.108924,False,64ceb8cb,72adkuxnkq5t,0,0,5766af29,49000.0,0.0,,,,0.0
process,1706570456.827972,1706570456.829488,False,b16dccc2,h10gffrbwszw,0,0,a5582026,11000.0,0.0,,,,0.0
process,1706570456.899053,1706570456.964017,False,39273077,we8dsh33vpvp,0,0,a5582026,84000.0,0.0,,,,0.0
process,1706570456.486554,1706570456.488242,False,cead3cf4,7ih7uy3v9osy,0,0,a5582026,12000.0,0.0,,,,0.0
process,1706570456.553852,1706570456.555742,False,3fc7c0a1,fsrnzu48k991,0,0,a5582026,12000.0,0.0,,,,0.0
process,1706570457.104475,1706570457.1055,False,620e857a,f1ey36i42nwt,0,0,a5582026,11000.0,0.0,,,,0.0
process,1706570457.036464,1706570457.037957,False,79467179,vvhaacw8s6xq,0,0,a5582026,10000.0,0.0,,,,0.0
process,1706570456.688686,1706570456.764553,False,3a5550cc,u3220amh2vit,0,0,a5582026,86000.0,0.0,,,,0.0
process,1706570456.624017,1706570456.625135,False,b16dccc2,h10gs4pzzctr,0,0,a5582026,9000.0,0.0,,,,0.0
gen,1706570456.4124,1706570456.414023,False,8262be1e,2r07l42ovtag,0,0,a5582026,20000.0,0.0,,,,0.0
process,1706570456.759538,1706570456.761259,False,71e1db09,kfftq942sfss,0,0,50e7adab,14000.0,0.0,,,,0.0
process,1706570456.626602,1706570456.675847,False,b3a0bf24,wveadfslbvwj,0,0,50e7adab,59000.0,0.0,,,,0.0
gen,1706570456.459942,1706570456.462014,False,83069765,f4wlpmgzka08,0,0,50e7adab,33000.0,0.0,,,,0.0
process,1706570456.831266,1706570456.87559,False,1bea3092,jsz29ts3ut7y,0,0,50e7adab,54000.0,0.0,,,,0.0
process,1706570456.946305,1706570456.968147,False,873c0291,gts36zqhucl6,0,0,50e7adab,34000.0,0.0,,,,0.0
process,1706570457.106925,1706570457.108229,False,b3a0bf24,wveazszlb7xc,0,0,50e7adab,15000.0,0.0,,,,0.0
process,1706570457.189954,1706570457.19144,False,a1b29272,lgp5a2zzm9c6,0,0,50e7adab,10000.0,0.0,,,,0.0
process,1706570456.563893,1706570456.564998,False,1bea3092,jsz2dv76p70e,0,0,50e7adab,12000.0,0.0,,,,0.0
process,1706570457.040519,1706570457.042265,False,ff1c6bcb,qcv59ypscs38,0,0,50e7adab,10000.0,0.0,,,,0.0
process,1706570456.832288,1706570456.834048,False,c6889eb1,bqicgh0s7ev7,0,0,50d73182,13000.0,0.0,,,,0.0
process,1706570457.069226,1706570457.071505,False,71e1db09,kfftp396mq4l,0,0,50d73182,15000.0,0.0,,,,0.0
process,1706570456.630551,1706570456.632543,False,c6889eb1,bqicdkvi1lf3,0,0,50d73182,13000.0,0.0,,,,0.0
process,1706570456.497658,1706570456.523633,False,c6889eb1,bqicj86mrbwu,0,0,50d73182,38000.0,0.0,,,,0.0
gen,1706570456.430369,1706570456.431959,False,8262be1e,2r077uu3u44z,0,0,50d73182,10000.0,0.0,,,,0.0
process,1706570457.00899,1706570457.010499,False,a1b29272,lgp5r8jr2pmx,0,0,50d73182,11000.0,0.0,,,,0.0
process,1706570456.902332,1706570456.913554,False,a1b29272,lgp5fmcb8iay,0,0,50d73182,19000.0,0.0,,,,0.0
process,1706570456.704026,1706570456.705158,False,b3a0bf24,wveafdzju0nl,0,0,50d73182,73000.0,0.0,,,,0.0
process,1706570457.143945,1706570457.145428,False,a2c7c194,vigs4d6j9tgx,0,0,50d73182,10000.0,0.0,,,,0.0
process,1706570457.264658,1706570457.265691,False,873c0291,gts3jqirv1jc,0,0,ea7016b4,18000.0,0.0,,,,0.0
process,1706570456.579102,1706570456.580505,False,1bea3092,jsz2tkhs4ors,0,0,ea7016b4,14000.0,0.0,,,,0.0
process,1706570457.200624,1706570457.201735,False,b3a0bf24,wveas3preov9,0,0,ea7016b4,10000.0,0.0,,,,0.0
process,1706570457.06121,1706570457.06364,False,cead3cf4,7ih7r51o9emc,0,0,ea7016b4,79000.0,0.0,,,,0.0
process,1706570456.792484,1706570456.79424,False,ff1c6bcb,qcv58fv89qd0,0,0,ea7016b4,43000.0,0.0,,,,0.0
process,1706570456.994161,1706570456.995206,False,620e857a,f1eykqn518vl,0,0,ea7016b4,15000.0,0.0,,,,0.0
gen,1706570456.501027,1706570456.502818,False,8262be1e,2r07o42y25u1,0,0,ea7016b4,72000.0,0.0,,,,0.0
process,1706570456.662071,1706570456.664478,False,3fc7c0a1,fsrnpnisy9d2,0,0,ea7016b4,73000.0,0.0,,,,0.0
process,1706570456.890739,1706570456.892364,False,3fc7c0a1,fsrn4fsgxjrl,0,0,ea7016b4,40000.0,0.0,,,,0.0
process,1706570456.799131,1706570456.800906,False,d3cbba9b,tyktiipuazzd,0,0,9e7f4521,15000.0,0.0,,,,0.0
process,1706570457.1441,1706570457.166767,False,620e857a,f1eyq0fvni3p,0,0,9e7f4521,42000.0,0.0,,,,0.0
process,1706570456.611464,1706570456.612429,False,b16dccc2,h10g47k6smdy,0,0,9e7f4521,9000.0,0.0,,,,0.0
gen,1706570456.493362,1706570456.494354,False,503dbbd8,llddjdypon34,0,0,9e7f4521,56000.0,0.0,,,,0.0
process,1706570456.977717,1706570456.979339,False,c6889eb1,bqic2nsr88mz,0,0,9e7f4521,48000.0,0.0,,,,0.0
process,1706570457.23608,1706570457.237059,False,b16dccc2,h10gvpzqkcv9,0,0,9e7f4521,73000.0,0.0,,,,0.0
process,1706570457.081375,1706570457.082877,False,79467179,vvhar06ov54k,0,0,9e7f4521,10000.0,0.0,,,,0.0
process,1706570456.869386,1706570456.870893,False,79467179,vvha3mmtug21,0,0,9e7f4521,53000.0,0.0,,,,0.0
process,1706570456.680747,1706570456.683019,False,cead3cf4,7ih7h9eaw125,0,0,9e7f4521,63000.0,0.0,,,,0.0
process,1706570456.858502,1706570456.859625,False,64ceb8cb,72adtik3ojf2,0,0,6acd857d,18000.0,0.0,,,,0.0
process,1706570457.066944,1706570457.069034,False,3fc7c0a1,fsrnt9gc60s2,0,0,6acd857d,65000.0,0.0,,,,0.0
process,1706570456.725839,1706570456.726799,False,b16dccc2,h10gmr09qvy9,0,0,6acd857d,10000.0,0.0,,,,0.0
process,1706570456.93135,1706570456.932515,False,873c0291,gts3dy5csagg,0,0,6acd857d,10000.0,0.0,,,,0.0
gen,1706570456.413907,1706570456.415018,False,83069765,f4wlziehlmof,0,0,6acd857d,21000.0,0.0,,,,0.0
process,1706570456.785042,1706570456.786619,False,3a5550cc,u3221odj86i7,0,0,6acd857d,12000.0,0.0,,,,0.0
process,1706570456.649828,1706570456.653143,False,71e1db09,kfftgmlj3j72,0,0,6acd857d,68000.0,0.0,,,,0.0
process,1706570456.992974,1706570456.996175,False,d3cbba9b,tyktbq46erq0,0,0,6acd857d,24000.0,0.0,,,,0.0
process,1706570456.499582,1706570456.501306,False,cead3cf4,7ih7h8n4aa25,0,0,6acd857d,37000.0,0.0,,,,0.0
process,1706570456.671462,1706570456.672854,False,873c0291,gts3u544tem7,0,0,f2e376fc,20000.0,0.0,,,,0.0
process,1706570457.048902,1706570457.050719,False,e98eb64d,zlbv63920wze,0,0,f2e376fc,68000.0,0.0,,,,0.0
gen,1706570456.45965,1706570456.460671,False,eccead77,sbwcgngrdkir,0,0,f2e376fc,11000.0,0.0,,,,0.0
process,1706570456.526654,1706570456.528106,False,a1b29272,lgp5y7x1tez9,0,0,f2e376fc,12000.0,0.0,,,,0.0
process,1706570456.594052,1706570456.59509,False,1bea3092,jsz21fic4as6,0,0,f2e376fc,12000.0,0.0,,,,0.0
process,1706570456.899658,1706570456.901038,False,64ceb8cb,72adnj8q775s,0,0,f2e376fc,49000.0,0.0,,,,0.0
process,1706570456.825924,1706570456.827523,False,a2c7c194,vigs34a3wl3l,0,0,f2e376fc,11000.0,0.0,,,,0.0
process,1706570456.745442,1706570456.74798,False,64ceb8cb,72admsq5xnmi,0,0,f2e376fc,19000.0,0.0,,,,0.0
process,1706570457.124663,1706570457.125635,False,b16dccc2,h10gj5mobbtt,0,0,f2e376fc,11000.0,0.0,,,,0.0
process,1706570456.636795,1706570456.639099,False,cead3cf4,7ih77ph5k85n,0,0,23c8115c,72000.0,0.0,,,,0.0
gen,1706570456.447697,1706570456.448685,False,d2d8580e,2in11rp28ez0,0,0,23c8115c,75000.0,0.0,,,,0.0
process,1706570457.227517,1706570457.230584,False,cead3cf4,7ih77z7b3bhl,0,0,23c8115c,56000.0,0.0,,,,0.0
process,1706570457.010621,1706570457.046171,False,41c3dcf6,1whcacdymlc4,0,0,23c8115c,56000.0,0.0,,,,0.0
process,1706570457.305051,1706570457.306548,False,a1b29272,lgp5lhx0gxdw,0,0,23c8115c,10000.0,0.0,,,,0.0
process,1706570456.79744,1706570456.864005,False,3a5550cc,u322lw3kw2ox,0,0,23c8115c,77000.0,0.0,,,,0.0
process,1706570456.728136,1706570456.729638,False,a1b29272,lgp5lwk59kjg,0,0,23c8115c,9000.0,0.0,,,,0.0
process,1706570456.934444,1706570456.935474,False,41c3dcf6,1whcboaoccky,0,0,23c8115c,12000.0,0.0,,,,0.0
process,1706570457.116704,1706570457.11792,False,1bea3092,jsz2y8trn5l3,0,0,23c8115c,10000.0,0.0,,,,0.0
process,1706570456.563066,1706570456.564533,False,a2c7c194,vigsgny4f7m3,0,0,39a1fce8,11000.0,0.0,,,,0.0
process,1706570456.925786,1706570456.927945,False,a1b29272,lgp5zro4khuz,0,0,39a1fce8,10000.0,0.0,,,,0.0
process,1706570456.635234,1706570456.636599,False,64ceb8cb,72addrl37vh0,0,0,39a1fce8,12000.0,0.0,,,,0.0
process,1706570457.123935,1706570457.125747,False,39273077,we8d3ycl48t1,0,0,39a1fce8,11000.0,0.0,,,,0.0
process,1706570456.479042,1706570456.480516,False,b3a0bf24,wvea2ovfizjg,0,0,39a1fce8,11000.0,0.0,,,,0.0
process,1706570456.78293,1706570456.785403,False,71e1db09,kffttszt70ku,0,0,39a1fce8,81000.0,0.0,,,,0.0
process,1706570456.714157,1706570456.717465,False,d3cbba9b,tykt5zepm7w4,0,0,39a1fce8,14000.0,0.0,,,,0.0
process,1706570456.998776,1706570457.00039,False,71e1db09,kfft4c3jvv4s,0,0,39a1fce8,61000.0,0.0,,,,0.0
gen,1706570456.372243,1706570456.373343,False,1f61ce18,6psitwx1jrzi,0,0,39a1fce8,12000.0,0.0,,,,0.0
process,1706570457.230477,1706570457.231527,False,b3a0bf24,wveao55wc7k7,0,0,4eab3f8d,11000.0,0.0,,,,0.0
process,1706570456.9546,1706570456.95692,False,cead3cf4,7ih7hpt9k0zn,0,0,4eab3f8d,79000.0,0.0,,,,0.0
process,1706570456.758957,1706570456.760451,False,a1b29272,lgp504csi9x6,0,0,4eab3f8d,59000.0,0.0,,,,0.0
process,1706570457.147708,1706570457.152039,False,71e1db09,kfftupsh4b0m,0,0,4eab3f8d,59000.0,0.0,,,,0.0
process,1706570456.598542,1706570456.600307,False,b3a0bf24,wvea3ard4o2g,0,0,4eab3f8d,11000.0,0.0,,,,0.0
process,1706570456.685654,1706570456.687226,False,39273077,we8duvfkm6gs,0,0,4eab3f8d,11000.0,0.0,,,,0.0
process,1706570456.523764,1706570456.524853,False,b16dccc2,h10gcucutzmr,0,0,4eab3f8d,12000.0,0.0,,,,0.0
gen,1706570456.433027,1706570456.436169,False,eceb7237,ap9om8yps30r,0,0,4eab3f8d,33000.0,0.0,,,,0.0
process,1706570456.883479,1706570456.885432,False,39273077,we8dljuuxt1n,0,0,4eab3f8d,12000.0,0.0,,,,0.0
process,1706570457.31351,1706570457.315537,False,b16dccc2,h10gg7zphtj6,0,0,e736446c,17000.0,0.0,,,,0.0
process,1706570456.998136,1706570456.999731,False,3fc7c0a1,fsrn2u9jav7t,0,0,e736446c,35000.0,0.0,,,,0.0
gen,1706570456.479557,1706570456.480529,False,eccead77,sbwcoo0tsuts,0,0,e736446c,71000.0,0.0,,,,0.0
process,1706570456.614911,1706570456.616721,False,39273077,we8d4u0iq24r,0,0,e736446c,63000.0,0.0,,,,0.0
process,1706570456.736808,1706570456.738298,False,79467179,vvha5lekjzo1,0,0,e736446c,10000.0,0.0,,,,0.0
process,1706570457.103763,1706570457.105456,False,d3cbba9b,tyktv22ltywo,0,0,e736446c,79000.0,0.0,,,,0.0
process,1706570456.807577,1706570456.809343,False,e98eb64d,zlbv6zf0d3e7,0,0,e736446c,57000.0,0.0,,,,0.0
process,1706570457.245693,1706570457.247326,False,c6889eb1,bqicojldukbn,0,0,e736446c,12000.0,0.0,,,,0.0
process,1706570456.928617,1706570456.931204,False,c6889eb1,bqic4nmxz9d5,0,0,e736446c,14000.0,0.0,,,,0.0
process,1706570456.855855,1706570456.857444,False,c6889eb1,bqicu7h1fut3,0,0,7a871792,70000.0,0.0,,,,0.0
process,1706570456.704448,1706570456.705487,False,1bea3092,jsz25rgolubt,0,0,7a871792,12000.0,0.0,,,,0.0
process,1706570457.125286,1706570457.126771,False,ff1c6bcb,qcv5sbcu8cg8,0,0,7a871792,12000.0,0.0,,,,0.0
process,1706570456.635169,1706570456.636643,False,a1b29272,lgp5z8fqi8wt,0,0,7a871792,9000.0,0.0,,,,0.0
gen,1706570456.475206,1706570456.477736,False,8b1b0827,gjd01zouosgi,0,0,7a871792,14000.0,0.0,,,,0.0
process,1706570456.560553,1706570456.562102,False,71e1db09,kfftf0ytwiuh,0,0,7a871792,20000.0,0.0,,,,0.0
process,1706570457.05405,1706570457.055528,False,79467179,vvhadlzix5m6,0,0,7a871792,10000.0,0.0,,,,0.0
process,1706570456.783139,1706570456.784732,False,e98eb64d,zlbv1cnnilct,0,0,7a871792,14000.0,0.0,,,,0.0
process,1706570456.988284,1706570456.989885,False,39273077,we8dgz1mgeoa,0,0,7a871792,11000.0,0.0,,,,0.0
