func,start,end,request_id,is_cold,container_id,provider.request_id,blob.upload,blob.download
run_workflow,1706495655.277357,1706495655.278541,68f73235,,,,,
individuals,1706491250.894463,1706491353.808326,68f73235,True,f37b2861,7fb48101-dfb5-47ff-b608-d8c82a6bb349,169470.0,1310164.0
individuals,1706491964.200159,1706492068.169644,68f73235,False,d1f6cca3,165dc3eb-a00b-4859-9a1d-5f58d2c3b635,147290.0,1309744.0
individuals,1706492287.65819,1706492405.833345,68f73235,False,b3004fe6,de32a2fd-ce90-4ae9-a6da-d5ae83ad54cf,170880.0,1310517.0
individuals,1706492405.945661,1706492528.860259,68f73235,False,b3004fe6,fa86f405-c434-4916-a9ef-61b11203c989,216386.0,1310508.0
individuals,1706491958.08099,1706492068.237542,68f73235,False,f37b2861,e079e483-d667-4aad-9c8b-aeac1baa0018,131712.0,1309769.0
individuals,1706491903.029721,1706492024.232081,68f73235,False,bb23bfa1,cc466f40-ab10-421d-aeb4-f758ef93955a,155442.0,1309910.0
individuals,1706491422.298938,1706491525.02249,68f73235,False,f9ed253a,df9ab5c0-490c-4c82-9738-66218bc82590,181588.0,1310268.0
individuals,1706491451.693131,1706491551.74602,68f73235,False,f37b2861,9e6f4aa3-8422-41ff-929f-61f3c5b2a9f1,145704.0,1309817.0
individuals,1706491652.05828,1706491752.30063,68f73235,False,f37b2861,ce7ccede-a2de-483b-ba95-806c7fae8ae0,145986.0,1309910.0
individuals,1706492528.877148,1706492651.028914,68f73235,False,b3004fe6,ae4a782f-583b-4ef5-b8d4-85dee7b5c135,175600.0,1310202.0
individuals,1706491358.55967,1706491457.571215,df7440f6,False,e710fd2a,592813cf-a883-40bb-90be-2e1eeb46d565,147020.0,1309744.0
individuals,1706491457.613404,1706491554.017287,df7440f6,False,8cdb3dc9,d1f34960-96b0-42c2-8a3b-6fcb51ba3168,145422.0,1309910.0
individuals,1706491168.256459,1706491272.544632,df7440f6,False,50c9e99a,97575f24-b696-46e0-b07a-40d72e93f44e,171456.0,1310517.0
individuals,1706492099.14932,1706492205.485206,df7440f6,False,4208f867,b44d296b-d03d-477e-8e06-02863dba954a,150132.0,1309910.0
individuals,1706492205.508125,1706492315.709907,df7440f6,False,4208f867,c229c928-496d-4f05-8cac-40fb18994d9d,130156.0,1309769.0
run_workflow,1706494609.104798,1706494609.106485,df7440f6,,,,,
individuals,1706491488.046075,1706491595.834001,df7440f6,False,50c9e99a,02b8f2a2-368b-4b1b-ad9f-6978f0811975,183286.0,1310268.0
individuals,1706491678.855221,1706491785.285299,df7440f6,False,b0f4cb0f,07828b01-1921-4f89-aaaa-7c36ac0c3b2e,172004.0,1310202.0
individuals,1706492423.530336,1706492533.824427,df7440f6,False,4208f867,26a5da05-9546-45eb-8a5e-b03c678bb43b,140730.0,1309817.0
individuals,1706491858.990401,1706491960.872868,df7440f6,False,e710fd2a,5a22e0a2-2a93-42ca-9f90-a7143295b865,169964.0,1310164.0
individuals,1706491571.687259,1706491678.832049,df7440f6,False,b0f4cb0f,74a519c6-565e-49fb-bf20-8fc51cc707fd,213094.0,1310508.0
individuals,1706492273.897303,1706492385.398633,741b6cc2,False,d1f6cca3,a68e60bb-3ee7-4208-a872-fa8d1bcf96dc,147220.0,1309744.0
individuals,1706491847.158122,1706491944.440713,741b6cc2,False,8cdb3dc9,e1450cd9-0472-4588-8eea-a0a7053b693c,154150.0,1309910.0
individuals,1706491377.075442,1706491488.036459,741b6cc2,False,50c9e99a,eb4f04cf-2bff-41a7-9e55-fcce4e3c54df,184392.0,1310268.0
individuals,1706491360.095109,1706491457.600559,741b6cc2,False,8cdb3dc9,71ba42cc-e358-49fa-bfdb-9e4fad0087f0,168906.0,1310164.0
run_workflow,1706495099.363061,1706495099.366403,741b6cc2,,,,,
individuals,1706492253.895801,1706492366.284889,741b6cc2,False,50c9e99a,cc235b1f-bf50-442e-b9f6-5a6ac289f8ac,145934.0,1309817.0
individuals,1706491890.919376,1706491994.205885,741b6cc2,False,4208f867,5ac90ce2-b852-4d3d-9221-d5df3b509eda,214480.0,1310508.0
individuals,1706492385.411198,1706492491.355739,741b6cc2,False,d1f6cca3,8c880959-cdf8-4ea8-bc39-f1c7afe8556b,145436.0,1309910.0
individuals,1706491166.959033,1706491260.368463,741b6cc2,True,e710fd2a,50b1e880-a63b-423d-832b-8aa94227ade9,130186.0,1309769.0
individuals,1706491994.23165,1706492099.124033,741b6cc2,False,4208f867,c7114a89-9d77-4896-9fc8-e48515b26d28,172846.0,1310202.0
individuals,1706491654.87632,1706491756.07235,741b6cc2,False,e710fd2a,b5faf75f-11ce-4370-9d07-40e2942de6b9,171486.0,1310517.0
individuals,1706493043.666399,1706493155.445738,242a8c22,False,f664713a,afec552e-6102-4d4b-af44-7318e9ab78e1,145106.0,1309817.0
individuals,1706493004.789205,1706493111.066606,242a8c22,False,e710fd2a,4506bf82-790f-485e-8890-5a12be03b0f5,132284.0,1309769.0
individuals,1706492974.161811,1706493074.369075,242a8c22,False,8cdb3dc9,4cfc906d-2699-4883-83b4-959362236094,215984.0,1310508.0
run_workflow,1706493287.978537,1706493287.980643,242a8c22,,,,,
individuals,1706492354.99007,1706492462.415844,242a8c22,False,8cdb3dc9,a3c55080-ca6c-40df-9080-991a2d8f8cc4,170680.0,1310517.0
individuals,1706492447.29686,1706492549.830013,242a8c22,False,f9ed253a,471ae703-7ec9-44b0-9fef-189329d102da,144340.0,1309744.0
individuals,1706493155.469135,1706493271.42358,242a8c22,False,f664713a,229c4cb2-ab1a-400c-9ffc-9d71e1f19eea,174744.0,1310202.0
individuals,1706492164.623455,1706492265.164661,242a8c22,False,e710fd2a,9151b0f5-5f2c-4a8e-98ab-9f94f4845910,169658.0,1310164.0
individuals,1706492371.443329,1706492482.600942,242a8c22,False,e710fd2a,9f130ef9-9ba2-4476-95fa-263b6a8fa82a,144570.0,1309910.0
individuals,1706492482.614875,1706492587.406894,242a8c22,False,e710fd2a,c60140b2-c219-4f72-9dad-8922dadb9999,155094.0,1309910.0
individuals,1706492584.523628,1706492696.403661,242a8c22,False,f664713a,44702dee-4932-4163-bb64-fb78b0c5a042,183730.0,1310268.0
individuals,1706491172.942236,1706491264.356824,1d1a94f8,False,8cdb3dc9,8991d934-7c5c-47ea-b659-3fca95a50777,216128.0,1310508.0
run_workflow,1706494976.63216,1706494976.633252,1d1a94f8,,,,,
individuals,1706492044.505307,1706492143.540968,1d1a94f8,False,8cdb3dc9,d581e82f-21e4-4df4-941d-12dfeeddc2bb,174864.0,1310202.0
individuals,1706491558.82705,1706491654.865382,1d1a94f8,False,e710fd2a,99b3a38d-404c-478a-8cb9-da4172f72079,145396.0,1309910.0
individuals,1706491457.586365,1706491558.806674,1d1a94f8,False,e710fd2a,7e74dfff-50e8-4339-9dce-01e5a070d215,169826.0,1310164.0
individuals,1706491944.453967,1706492044.488525,1d1a94f8,False,8cdb3dc9,62185538-471a-4d5d-b977-190db38b4501,144852.0,1309817.0
individuals,1706491686.253389,1706491785.521002,1d1a94f8,False,4208f867,949fbbf1-bc47-44a5-9e7c-8732c587b0eb,168724.0,1310517.0
individuals,1706491756.088461,1706491858.972362,1d1a94f8,False,e710fd2a,69c62364-b8d1-4020-842e-e8bc9a16472d,131036.0,1309769.0
individuals,1706492343.713313,1706492447.281762,1d1a94f8,False,f9ed253a,47004a0b-4d0d-4351-8c15-3af47db19ea2,145224.0,1309744.0
individuals,1706491750.76511,1706491847.146225,1d1a94f8,False,8cdb3dc9,162a282d-c249-4c38-b7be-c6a9138adf07,153656.0,1309910.0
individuals,1706491785.539669,1706491890.89901,1d1a94f8,False,4208f867,74a714d7-e037-404f-b878-250d27f5b037,181380.0,1310268.0
individuals,1706491852.831474,1706491958.061477,b3b5c7ab,False,f37b2861,93c8d183-bc8a-475c-9177-685edcbe546f,131832.0,1309769.0
individuals,1706492131.79788,1706492241.498334,b3b5c7ab,False,f9ed253a,8fdf7308-5c53-4256-b4a2-1f9f8b295bec,174752.0,1310202.0
individuals,1706491718.210943,1706491818.717798,b3b5c7ab,False,f9ed253a,b6d42899-8deb-4300-bc40-0ded7c8ccc27,166486.0,1310164.0
individuals,1706492068.257304,1706492173.992139,b3b5c7ab,False,f37b2861,72b64874-6590-4771-a1fb-6def03d5b678,154480.0,1309910.0
run_workflow,1706495644.992659,1706495644.993521,b3b5c7ab,,,,,
individuals,1706491647.482669,1706491753.503789,b3b5c7ab,False,d1f6cca3,78f8c731-ddbf-4456-b20e-a535afdc8ec1,145260.0,1309910.0
individuals,1706491575.144105,1706491684.743537,b3b5c7ab,True,bb23bfa1,f00cb1c8-9cfd-437d-aa8e-404f72ec2318,171284.0,1310517.0
individuals,1706491437.052819,1706491538.310869,b3b5c7ab,False,d1f6cca3,25e118e2-a162-4f90-8585-8edfdde7fb40,146886.0,1309744.0
individuals,1706492174.005939,1706492281.456368,b3b5c7ab,False,f37b2861,35787a43-3b37-4053-a042-39b8cae4619a,145656.0,1309817.0
individuals,1706491794.428607,1706491903.013381,b3b5c7ab,False,bb23bfa1,5e7564d0-98e0-4379-b2af-4e15cd49af43,184216.0,1310268.0
individuals,1706492024.247357,1706492137.374768,b3b5c7ab,False,bb23bfa1,bb839528-4721-4e5f-90ab-401108f93491,216678.0,1310508.0
individuals,1706492812.569566,1706492928.960639,c9a54e91,False,f664713a,bf20cfcb-a9a1-4b9c-ba9e-ce3a9d8a8052,175212.0,1310202.0
individuals,1706492903.698532,1706493004.774705,c9a54e91,False,e710fd2a,fe87641c-66ed-4f18-8309-5477e674ce6b,145354.0,1309910.0
run_workflow,1706493178.985174,1706493178.988179,c9a54e91,,,,,
individuals,1706492696.425282,1706492812.551072,c9a54e91,False,f664713a,3a725787-80ef-4ce2-bcca-b47e6dd18b19,154852.0,1309910.0
individuals,1706492568.723056,1706492671.8037,c9a54e91,False,8cdb3dc9,8fe062ea-f660-46fe-9511-2ca71ac13345,171466.0,1310517.0
individuals,1706493074.382487,1706493178.753302,c9a54e91,False,8cdb3dc9,17b61fc9-77e1-4797-9642-17d5b3c99b10,183792.0,1310268.0
individuals,1706492462.429678,1706492568.709167,c9a54e91,False,8cdb3dc9,6b929fad-5b16-4d5b-a502-803db4d4272e,169440.0,1310164.0
individuals,1706492265.181524,1706492371.42971,c9a54e91,False,e710fd2a,8233749b-c427-4549-9d46-aa02b31da9d9,131456.0,1309769.0
individuals,1706492694.74238,1706492802.087488,c9a54e91,False,e710fd2a,f9220c18-76d1-42d4-857e-75c55bb6dd99,145782.0,1309817.0
individuals,1706492143.838678,1706492252.263839,c9a54e91,False,8cdb3dc9,93461a35-ce6d-47d9-8350-7a233ba6d942,146912.0,1309744.0
individuals,1706492774.511341,1706492876.5383,c9a54e91,False,8cdb3dc9,557cf495-f9ec-4239-b308-25fa3e07d582,216116.0,1310508.0
individuals,1706492358.557402,1706492469.81309,14cd4b0a,False,f664713a,cad5735e-ebb9-4078-aa81-4069f049cb68,175814.0,1310202.0
individuals,1706492928.987018,1706493043.645922,14cd4b0a,False,f664713a,4b24b2ba-e981-4a6c-bb5a-b597f2870d1c,154816.0,1309910.0
individuals,1706492252.277354,1706492354.976355,14cd4b0a,False,8cdb3dc9,ad6375e4-4f6c-4ff4-afb4-8c9cd0390f56,131420.0,1309769.0
individuals,1706492671.818143,1706492774.497917,14cd4b0a,False,8cdb3dc9,bbc176e0-f669-4253-bd6d-7b2bd036f2e1,171262.0,1310517.0
individuals,1706492802.104941,1706492903.685695,14cd4b0a,False,e710fd2a,adc86c6f-f59a-44ac-a4b7-3974bcea4efa,147320.0,1309744.0
individuals,1706492251.644947,1706492358.526425,14cd4b0a,False,f664713a,4c0baa90-0ff9-461f-bd35-a025edbfce33,216346.0,1310508.0
individuals,1706492469.835263,1706492584.490349,14cd4b0a,False,f664713a,a4cefda8-f6ad-496e-88dd-20c38db9a63f,170012.0,1310164.0
individuals,1706492587.419901,1706492694.730187,14cd4b0a,False,e710fd2a,ca467bcf-1ee2-458c-8586-bcdc50a0a464,145844.0,1309910.0
run_workflow,1706493179.019427,1706493179.047829,14cd4b0a,,,,,
individuals,1706492146.710332,1706492251.620105,14cd4b0a,True,f664713a,415dba1a-0783-42ac-ac26-d291aba85cfb,145620.0,1309817.0
individuals,1706492876.550614,1706492974.149438,14cd4b0a,False,8cdb3dc9,e30b2f22-9581-4cc5-ba83-b76b15c0f3a1,183424.0,1310268.0
individuals,1706492137.40269,1706492257.131364,b511007c,False,bb23bfa1,abf4eb1e-c71c-499e-aedb-f3b6b59a477d,145982.0,1309817.0
individuals,1706491233.009184,1706491329.583738,b511007c,True,f9ed253a,09534a5a-4faa-477e-be7f-b85428e01f06,181654.0,1310268.0
individuals,1706491456.883035,1706491575.404146,b511007c,False,b3004fe6,92cd15a8-f28e-4c3e-befc-581e21bc4914,154702.0,1309910.0
individuals,1706492171.271477,1706492273.757109,b511007c,False,d1f6cca3,e354159a-bcdc-4891-91c7-6659925e4348,146746.0,1309744.0
individuals,1706491538.323438,1706491647.46457,b511007c,False,d1f6cca3,038cf97e-3636-4644-86ac-b40f2abe0006,145886.0,1309910.0
individuals,1706491226.67129,1706491341.321019,b511007c,True,b3004fe6,e904998e-f026-4f3e-b7a8-e94254f8831a,169532.0,1310164.0
individuals,1706492164.375837,1706492287.639184,b511007c,False,b3004fe6,e0d3b2c4-1334-4dd4-8738-c2f608ad6905,171366.0,1310517.0
individuals,1706491341.34576,1706491456.865114,b511007c,False,b3004fe6,f177485d-1f0f-42ae-9deb-14a6e88edd0a,216078.0,1310508.0
individuals,1706491752.324229,1706491852.794473,b511007c,False,f37b2861,40c467c1-fb57-4d78-afa2-702b40b0570b,130696.0,1309769.0
individuals,1706492257.16199,1706492372.663098,b511007c,False,bb23bfa1,d70731dc-edba-4b5e-a919-2f3a3624a035,174608.0,1310202.0
run_workflow,1706495199.294419,1706495199.308861,b511007c,,,,,
individuals,1706491818.733422,1706491927.042215,a2b17374,False,f9ed253a,e1504f01-89b0-422a-83a8-b99dc000e220,144524.0,1309910.0
individuals,1706491622.039658,1706491718.192663,a2b17374,False,f9ed253a,28109a66-25fd-46d2-ae7d-c474d1e0c130,166814.0,1310517.0
run_workflow,1706494436.720699,1706494436.722376,a2b17374,,,,,
individuals,1706491223.537896,1706491326.293,a2b17374,True,d1f6cca3,14475684-92e6-45cc-9127-09007f319739,146600.0,1309744.0
individuals,1706491684.761059,1706491794.410289,a2b17374,False,bb23bfa1,f8d49a8b-d0ea-448b-8ae2-d53955a726f5,130778.0,1309769.0
individuals,1706491525.038126,1706491622.023149,a2b17374,False,f9ed253a,3b2de382-6fc7-4080-b62c-32e8de7341b8,180286.0,1310268.0
individuals,1706491808.474988,1706491925.922806,a2b17374,False,b3004fe6,2b485b34-ada4-4cbe-be40-b33195d5e082,175444.0,1310202.0
individuals,1706491329.600647,1706491422.282729,a2b17374,False,f9ed253a,63b9ccf8-d4d6-4e94-aa1d-ed2f61a07868,213610.0,1310508.0
individuals,1706491695.284979,1706491808.455806,a2b17374,False,b3004fe6,53e816d2-457d-4be2-b109-276b2922a40a,169138.0,1310164.0
individuals,1706491857.400458,1706491964.185691,a2b17374,False,d1f6cca3,2a1ea36a-09ab-4829-aae4-40a0c4ffbc47,145214.0,1309817.0
individuals,1706491575.423287,1706491695.259721,a2b17374,False,b3004fe6,1b184f8e-27ad-4409-8a32-99d454f0a101,154288.0,1309910.0
individuals,1706491915.826888,1706492026.463659,de82e069,False,50c9e99a,f04455b0-af17-4b4b-8aa8-f48aefd07113,171834.0,1310517.0
individuals,1706491477.753408,1706491571.666206,de82e069,True,b0f4cb0f,8a303e11-ab92-446d-90c6-b976a829fb33,141272.0,1309817.0
individuals,1706491169.570561,1706491258.321029,de82e069,False,90e8ff2d,1515dbb1-2c2c-4c0d-8349-52a3377662f8,183948.0,1310268.0
individuals,1706491960.890728,1706492059.832336,de82e069,False,e710fd2a,0d1c7b0c-65ec-4b62-a0ac-f06f3531b39e,144808.0,1309910.0
individuals,1706491805.338726,1706491915.805424,de82e069,False,50c9e99a,c7db37aa-de35-472b-96fc-e6b437d2a85a,217002.0,1310508.0
individuals,1706491595.846386,1706491700.703137,de82e069,False,50c9e99a,fcc7a730-e35a-4d41-8b86-9d2065f73b17,170292.0,1310164.0
individuals,1706491700.717277,1706491805.316055,de82e069,False,50c9e99a,abfd26fb-d831-4f72-924f-d6c701c2af42,175386.0,1310202.0
individuals,1706491785.311507,1706491884.59893,de82e069,False,b0f4cb0f,8e1182bf-70c2-402d-aea1-8e9149961273,153074.0,1309910.0
individuals,1706492315.735724,1706492423.510982,de82e069,False,4208f867,b8f36083-a216-4c3f-b43c-d26014ca81ae,145220.0,1309744.0
individuals,1706492059.847083,1706492164.607683,de82e069,False,e710fd2a,091538a1-37b2-4395-b9b8-bce549497735,131258.0,1309769.0
run_workflow,1706495099.188139,1706495099.189553,de82e069,,,,,
individuals,1706492029.968281,1706492131.78234,5ed62fa9,False,f9ed253a,8ebb0d42-39a4-494e-bd04-7e91725c33b5,172186.0,1310202.0
individuals,1706491551.766153,1706491652.041024,5ed62fa9,False,f37b2861,2f98bb71-a011-4cc7-994b-d2a25e597eca,132248.0,1309769.0
individuals,1706492068.186898,1706492171.261865,5ed62fa9,False,d1f6cca3,8bdcce61-8a12-4229-bc4a-0114c6aadbe6,154304.0,1309910.0
individuals,1706491927.060601,1706492029.951559,5ed62fa9,False,f9ed253a,f9a2c748-c2f4-4351-a42e-9e548b020221,213734.0,1310508.0
individuals,1706492372.678513,1706492490.731519,5ed62fa9,False,bb23bfa1,cb23157a-901b-4364-ac7b-a55b4e785b7c,170570.0,1310164.0
individuals,1706491326.307075,1706491437.037909,5ed62fa9,False,d1f6cca3,938f2364-0b54-49a9-8a6a-164205e6bbc1,147044.0,1309744.0
individuals,1706491353.828291,1706491451.668021,5ed62fa9,False,f37b2861,f878c0a4-b60e-4e04-acb4-1a77f47b816c,145418.0,1309817.0
individuals,1706491753.511296,1706491857.38374,5ed62fa9,False,d1f6cca3,da3d1bdf-b8e0-411c-9949-5bec1b9d41e0,145582.0,1309910.0
individuals,1706491925.944573,1706492046.375635,5ed62fa9,False,b3004fe6,71828bc7-14bd-4f62-a9b1-acf48b1c4c7c,171052.0,1310517.0
individuals,1706492046.404068,1706492164.3578,5ed62fa9,False,b3004fe6,1c095077-1367-435d-b782-374dd7aade30,183200.0,1310268.0
run_workflow,1706495199.246898,1706495199.247832,5ed62fa9,,,,,
individuals,1706491264.371096,1706491360.083525,25864499,False,8cdb3dc9,c6c7f3d1-59fa-46a6-a18b-04ddcb2864fe,145258.0,1309817.0
individuals,1706492139.612777,1706492253.878102,25864499,False,50c9e99a,b3526382-b16b-43c3-a331-43970b1cf9a6,175380.0,1310202.0
run_workflow,1706495099.414295,1706495099.415418,25864499,,,,,
individuals,1706491272.558127,1706491377.058259,25864499,False,50c9e99a,6a9aa861-8a81-4bf9-962c-f28bc38c1ff0,183450.0,1310268.0
individuals,1706491554.038779,1706491650.868729,25864499,False,8cdb3dc9,d1a952ea-b419-4e69-87f2-29d246d6797a,171124.0,1310517.0
individuals,1706492366.303828,1706492479.650427,25864499,False,50c9e99a,0d9db4a5-f2f7-4d3e-bfc0-1c0a6da0bb2d,216002.0,1310508.0
individuals,1706491260.388572,1706491358.538333,25864499,False,e710fd2a,5da09e14-0d6b-4bef-9ffe-0ebb225e15a5,145514.0,1309910.0
individuals,1706492241.51362,1706492343.698755,25864499,False,f9ed253a,e39acd7c-928a-4c3e-96c1-4e2cc3cfcdd3,147298.0,1309744.0
individuals,1706492026.477526,1706492139.600702,25864499,False,50c9e99a,5eb9797b-6c10-401e-a29e-2da9a5e75742,170468.0,1310164.0
individuals,1706491591.436383,1706491686.232201,25864499,True,4208f867,24dae64e-1c90-49ab-9fbf-02e5da3dea2c,149154.0,1309910.0
individuals,1706491650.884796,1706491750.749782,25864499,False,8cdb3dc9,1db0ae1f-e7f5-4a67-a8ff-95c1a07d8b99,130758.0,1309769.0
individuals,1706503979.014835,1706504076.616176,e1ba72e9,False,2724af61,517fe519-73d4-4a53-8105-2457e05f58f8,140288.0,1309817.0
individuals,1706504228.021732,1706504339.09811,e1ba72e9,False,4ab6e661,7e50348c-f661-4de5-8b24-656b1ff0a787,172332.0,1310202.0
individuals,1706504289.889814,1706504397.655857,e1ba72e9,False,2724af61,655b63d8-5f14-419f-96ca-cd2e0a75202c,128014.0,1309769.0
individuals,1706504785.639178,1706504891.887044,e1ba72e9,False,832a4801,f9c498d4-bbc9-4335-81cc-eed03688513c,146772.0,1309744.0
individuals,1706504711.981334,1706504831.627434,e1ba72e9,False,b5318c16,3fd39a88-90dd-4158-8f9b-34a63b89954a,171890.0,1310517.0
individuals,1706504798.143226,1706504912.968757,e1ba72e9,False,7b8d7843,3598a4aa-6dee-49a3-95bb-56b6f95acad5,154350.0,1309910.0
individuals,1706504709.408788,1706504828.059691,e1ba72e9,False,4ab6e661,1f18360a-108c-4dba-8b13-4721acf80f48,169464.0,1310164.0
individuals,1706504503.660543,1706504619.406481,e1ba72e9,False,2724af61,61ed952e-1105-42bf-8f8b-46cd98b4088d,138984.0,1309910.0
run_workflow,1706505656.213615,1706505656.231057,e1ba72e9,,,,,
individuals,1706504096.693414,1706504214.094262,e1ba72e9,False,a3558174,c7094888-a9f6-4907-8a75-47d5dafbd2da,184312.0,1310268.0
individuals,1706504138.377536,1706504248.928632,e1ba72e9,False,b5318c16,7bb0ac42-a576-4d0e-9c9b-552f7324183c,216278.0,1310508.0
individuals,1706504779.373783,1706504905.678419,9315773f,False,0a136c61,56e652c2-5525-44b9-b380-6e5bbb7dcf89,184520.0,1310268.0
individuals,1706504557.348834,1706504662.935761,9315773f,False,0a136c61,825f49ee-6202-4592-bb7e-fa9c2196a9c5,170142.0,1310164.0
run_workflow,1706505656.993638,1706505656.999442,9315773f,,,,,
individuals,1706504662.95501,1706504779.350675,9315773f,False,0a136c61,55f76669-ac94-4fbc-9b54-11655275d81f,145920.0,1309817.0
individuals,1706505288.390094,1706505411.44235,9315773f,False,a3558174,f6f26cc8-f2ba-4211-88a9-bda42939fdf5,147706.0,1309744.0
individuals,1706504452.97106,1706504557.329439,9315773f,True,0a136c61,dec99a45-6d0a-4aaa-884d-8fb99c51419c,176164.0,1310202.0
individuals,1706505531.763621,1706505654.970786,9315773f,False,a3558174,76ff2b5f-4a10-4458-bcd4-1ad153f5a461,145958.0,1309910.0
individuals,1706505374.819757,1706505489.277114,9315773f,False,7b8d7843,c9b428f4-4165-4226-a694-0bc295050509,153452.0,1309910.0
individuals,1706505041.621084,1706505161.701994,9315773f,False,6721c96b,be5255ba-be36-425d-992c-78461aa5afa7,172140.0,1310517.0
individuals,1706505258.511367,1706505374.79657,9315773f,False,7b8d7843,dc8e8c18-2879-45cd-ba03-cb8213d78c38,131962.0,1309769.0
individuals,1706505397.031496,1706505517.22442,9315773f,False,6721c96b,4cd01abe-b621-4265-b5dd-61b0321e4f92,217288.0,1310508.0
individuals,1706504006.601511,1706504117.860925,596b9d3b,False,4ab6e661,05a3cb85-1dfb-4dc3-aaaa-3f94f6cc284e,181640.0,1310268.0
individuals,1706503796.43823,1706503906.111022,596b9d3b,False,b5318c16,314bf2bd-a261-45da-be3a-858af96bc850,169752.0,1310164.0
individuals,1706503683.666898,1706503791.71054,596b9d3b,False,4ab6e661,263a24fe-1092-4ee7-9b2c-dd13a27a4743,170886.0,1310517.0
individuals,1706504880.026959,1706504997.961331,596b9d3b,False,628652bd,83635dac-777e-4f2b-a2b1-8d2ad71a0985,174776.0,1310202.0
individuals,1706504117.879831,1706504227.999828,596b9d3b,False,4ab6e661,598f557d-ab27-43c6-9fed-4ebc95c044d0,140432.0,1309817.0
run_workflow,1706505656.095013,1706505656.097928,596b9d3b,,,,,
individuals,1706504540.430903,1706504656.122667,596b9d3b,False,628652bd,28e49de0-dbe0-47a8-a02e-0e82b78212e3,154368.0,1309910.0
individuals,1706503791.736856,1706503896.898808,596b9d3b,False,4ab6e661,03962bbf-0420-46f4-98f5-112ac9c95b39,212692.0,1310508.0
individuals,1706503881.242837,1706503978.992797,596b9d3b,False,2724af61,c3e7ef56-c771-4e3e-b295-62f21cce3b03,125402.0,1309769.0
individuals,1706504767.313848,1706504880.016511,596b9d3b,False,628652bd,0241d23c-4656-43c7-8050-35369b59df0e,147560.0,1309744.0
individuals,1706504199.148141,1706504314.593449,596b9d3b,False,628652bd,f18e810e-fe18-437d-9a85-040db39e879c,146062.0,1309910.0
individuals,1706504810.490961,1706504929.717582,b7bd41b8,False,a3558174,1fd45a3b-7b79-4664-a676-c29de641d6ed,175620.0,1310202.0
individuals,1706504394.834511,1706504500.516541,b7bd41b8,False,71900e4e,38bb0d07-3d7c-4962-9002-92973111e091,179862.0,1310268.0
individuals,1706504193.150803,1706504289.441998,b7bd41b8,False,71900e4e,b364b742-2c3b-49f2-921d-da36e2abf4e6,169284.0,1310517.0
individuals,1706504113.872224,1706504211.772064,b7bd41b8,False,e05b68c2,1f61f097-b79f-4d0d-8747-16e73c1fbe75,154786.0,1309910.0
individuals,1706504500.549883,1706504600.313723,b7bd41b8,False,71900e4e,760e5974-97d9-4ecc-bdfb-98005af5edf4,129688.0,1309769.0
individuals,1706504572.860497,1706504689.369107,b7bd41b8,False,a3558174,4775db54-d95c-4026-a6f6-799729e31cbf,170210.0,1310164.0
individuals,1706504100.967032,1706504193.137853,b7bd41b8,True,71900e4e,99fa0d54-2990-454f-a135-62b676a07c1e,214322.0,1310508.0
run_workflow,1706506022.374924,1706506022.375972,b7bd41b8,,,,,
individuals,1706504791.965391,1706504911.765225,b7bd41b8,False,32597582,06dad1a1-46ed-4cbf-a8e6-b81aa4d1858f,145546.0,1309817.0
individuals,1706504083.479797,1706504201.831886,b7bd41b8,False,32597582,7cb40a86-ca6a-4293-ab86-df59178c9db8,144508.0,1309910.0
individuals,1706503962.934386,1706504083.459533,b7bd41b8,False,32597582,b5bb7b21-31d5-4442-a62c-44647314230c,146004.0,1309744.0
individuals,1706504600.341507,1706504704.687361,a6543d42,False,71900e4e,c93312df-89ae-4cc1-8611-d375e31d78fe,173076.0,1310202.0
individuals,1706504669.447747,1706504791.946223,a6543d42,False,32597582,92577e2f-b0a6-4dc7-b3ba-e95991393f8c,145532.0,1309817.0
individuals,1706504056.705958,1706504161.019453,a6543d42,False,832a4801,ca66b403-8679-4442-a124-9f08932f2016,145738.0,1309910.0
individuals,1706505113.666018,1706505235.611648,a6543d42,False,628652bd,0b59c3b7-6a4d-499e-bae0-930833608d1a,183816.0,1310268.0
run_workflow,1706506022.700013,1706506022.711927,a6543d42,,,,,
individuals,1706505048.35093,1706505170.063293,a6543d42,False,a3558174,b04073fa-3dfe-4c46-89eb-95a277dbe887,216914.0,1310508.0
individuals,1706504704.704534,1706504811.563635,a6543d42,False,71900e4e,39a6c8b3-66bd-4990-aab2-15c7def452a5,171020.0,1310517.0
individuals,1706505023.256669,1706505128.48486,a6543d42,False,71900e4e,3a94b2cc-fdca-4946-b105-98257fadc407,167452.0,1310164.0
individuals,1706503836.269325,1706503924.277693,a6543d42,False,e05b68c2,4f42b2d8-eaee-4af6-8a1b-179165a5f190,155174.0,1309910.0
individuals,1706503847.30672,1706503962.912558,a6543d42,False,32597582,0c01cf79-e269-4eb9-bc79-778be3a0882f,147250.0,1309744.0
individuals,1706503763.00508,1706503863.04607,a6543d42,True,832a4801,d7cd4f27-fc12-4dc8-84e5-967250d5db88,129342.0,1309769.0
individuals,1706503814.059845,1706503919.453463,7d5f7e40,True,7b8d7843,5a272066-14ff-4f44-883d-74af795e3a8e,170252.0,1310517.0
individuals,1706504831.648676,1706504951.087734,7d5f7e40,False,b5318c16,1e109cd8-a3f9-4ff0-9665-3c71169272bd,175724.0,1310202.0
individuals,1706504125.603869,1706504241.248263,7d5f7e40,False,6721c96b,18e67b16-b809-4e92-bf2f-bb4740bc9d45,132878.0,1309769.0
individuals,1706504023.230662,1706504130.166219,7d5f7e40,False,7b8d7843,f1bd21c7-ff91-4e8b-92f0-5bc42453b055,182890.0,1310268.0
individuals,1706503978.236559,1706504081.490911,7d5f7e40,False,c0d4c502,351c6a9b-5710-4e3e-89bd-591a71bc2763,143778.0,1309910.0
individuals,1706504532.825818,1706504638.354581,7d5f7e40,False,6cf76c68,1777420c-b664-4d9d-a632-754c3ee064df,146128.0,1309817.0
individuals,1706504348.720676,1706504460.466973,7d5f7e40,False,6721c96b,33795b74-2f85-40e7-b1af-e64cf87306a2,170184.0,1310164.0
run_workflow,1706506236.299878,1706506236.305804,7d5f7e40,,,,,
individuals,1706503997.310467,1706504115.905064,7d5f7e40,False,324aae64,df4f3c83-1cd8-4def-bc99-8dbb52a2a7b6,154964.0,1309910.0
individuals,1706504813.573914,1706504927.365012,7d5f7e40,False,6721c96b,975f3b79-5335-4577-bf61-d1c47beca4d6,217080.0,1310508.0
individuals,1706503941.559664,1706504034.487585,7d5f7e40,False,6cf76c68,acd5a3b8-6512-4cf3-8693-1613b338b5a9,145328.0,1309744.0
individuals,1706504214.107426,1706504333.917531,0fc837ab,False,a3558174,a3115562-1222-4e48-a144-0d3dfb7876b2,184484.0,1310268.0
individuals,1706504891.910377,1706505001.904475,0fc837ab,False,832a4801,0f39ac05-edcc-4c33-9bdb-468eeb807463,146730.0,1309744.0
individuals,1706504927.382054,1706505041.604421,0fc837ab,False,6721c96b,a578c433-01c3-4944-948d-1edee8e3f9c0,170696.0,1310164.0
individuals,1706504459.807068,1706504585.156662,0fc837ab,False,4ab6e661,e0227dad-d009-4c0d-ad03-d69c3991e098,144344.0,1309817.0
individuals,1706504596.067013,1706504711.962952,0fc837ab,False,b5318c16,77aa8fa7-743a-4a23-88a5-3a9fc8017135,171542.0,1310517.0
individuals,1706504480.310208,1706504596.044495,0fc837ab,False,b5318c16,589a17c0-92ce-44bb-8e23-0e41bb574c91,216368.0,1310508.0
individuals,1706503982.209148,1706504089.374358,0fc837ab,True,628652bd,cef483cd-f6e2-4d59-a722-8135d4707542,154332.0,1309910.0
individuals,1706504429.850607,1706504540.412038,0fc837ab,False,628652bd,65f9e7c5-4798-4e4c-b838-c7f3e1a50160,175460.0,1310202.0
individuals,1706504076.636005,1706504182.339094,0fc837ab,False,2724af61,17b2f3ce-c75a-46d0-bf1b-6cbb7617b551,128248.0,1309769.0
run_workflow,1706505656.262968,1706505656.26413,0fc837ab,,,,,
individuals,1706504619.428922,1706504724.403266,0fc837ab,False,2724af61,64e32b1b-45b6-422f-af67-275ca61188a0,144028.0,1309910.0
individuals,1706505279.38068,1706505388.885052,69898b93,False,fc215d38,05b889b2-c930-4cff-bbac-8894ad23084b,168732.0,1310517.0
individuals,1706504980.894887,1706505098.169956,69898b93,False,ff19e82d,6ee6a410-3eee-4d36-b74a-919a174e8fbc,184336.0,1310268.0
individuals,1706504861.164649,1706504967.410731,69898b93,False,dcadf470,9681f1c5-ac5c-4627-8c53-0bdb288a69da,175068.0,1310202.0
individuals,1706504753.860324,1706504854.695087,69898b93,True,65e1936e,7c14a0d1-5f1b-437d-a873-a8ff72349a82,152836.0,1309910.0
individuals,1706505435.956652,1706505557.448326,69898b93,False,65e1936e,b7b2ec6b-d9eb-4201-9b87-1046722c93f4,169654.0,1310164.0
individuals,1706505372.131749,1706505477.107323,69898b93,False,dcadf470,cfd7da88-f9fe-4c0d-b772-839d1a59ea94,144860.0,1309817.0
run_workflow,1706506376.635685,1706506376.637878,69898b93,,,,,
individuals,1706505168.955115,1706505281.758147,69898b93,False,6cf76c68,7fb350c5-8673-4f91-8bd1-b243e7a2b68d,143798.0,1309910.0
individuals,1706505451.950977,1706505570.779313,69898b93,False,ff19e82d,9f3b5fc5-4da1-4ef1-b95d-4e9b686f90d8,216994.0,1310508.0
individuals,1706504858.831052,1706504962.584115,69898b93,False,6cf76c68,026cc9ac-fa5d-4635-a5e1-ded008b45576,146872.0,1309744.0
individuals,1706505395.311437,1706505502.938969,69898b93,False,6cf76c68,fe69bff7-6f32-4ce6-8395-78f8d66dd721,131278.0,1309769.0
run_workflow,1706506236.426653,1706506236.432642,555e9cf6,,,,,
individuals,1706504183.606432,1706504287.242889,555e9cf6,False,c0d4c502,6df158f4-6044-473d-ba36-7ff1b1601880,168682.0,1310164.0
individuals,1706503803.320185,1706503907.556118,555e9cf6,True,6721c96b,7cc75be7-d79f-42da-9c89-efda921ff56b,175638.0,1310202.0
individuals,1706503764.998667,1706503852.892078,555e9cf6,True,6cf76c68,a3aa63d4-d27e-4db3-a102-9b9eda44fada,144846.0,1309744.0
individuals,1706504460.480021,1706504578.044634,555e9cf6,False,6721c96b,00949d45-c3b5-4bf8-807c-367d60d0c57a,216714.0,1310508.0
individuals,1706504354.715601,1706504461.701107,555e9cf6,False,7b8d7843,19476abe-1348-46dd-9111-6b0a8c5e8c76,182718.0,1310268.0
individuals,1706504130.1861,1706504242.755201,555e9cf6,False,7b8d7843,9d32db80-2ba6-41ce-a93a-f4890bdfcb08,154102.0,1309910.0
individuals,1706504242.774216,1706504354.696024,555e9cf6,False,7b8d7843,c5478349-99d7-4f4b-8186-87e29d6ad729,169724.0,1310517.0
individuals,1706504484.077385,1706504606.313396,555e9cf6,False,324aae64,e4b100db-3a09-4ee3-93a2-806c96f7ce03,146572.0,1309817.0
individuals,1706504638.367455,1706504750.467367,555e9cf6,False,6cf76c68,2d28fe6b-0a1a-44ef-96dc-9a8eddd60990,131992.0,1309769.0
individuals,1706504696.987988,1706504810.06897,555e9cf6,False,c0d4c502,c6ee874d-67cb-4159-9a38-39bb5720267b,145136.0,1309910.0
individuals,1706504929.730386,1706505048.321259,d148275d,False,a3558174,fec2e7b7-15f7-4a01-bdbb-a3dd91c4da13,176036.0,1310202.0
individuals,1706503924.288036,1706504017.553414,d148275d,False,e05b68c2,60854063-bf25-44f6-af17-9e59cfd9a9a2,170036.0,1310164.0
individuals,1706504211.783994,1706504304.211234,d148275d,False,e05b68c2,8d26c9ba-6c2c-4534-bc2b-fb1f08bb4004,145808.0,1309817.0
individuals,1706504451.237508,1706504572.839567,d148275d,False,a3558174,e9b818ac-ae97-4aaf-8d35-affc776163f9,154970.0,1309910.0
individuals,1706504545.376297,1706504669.368057,d148275d,False,32597582,f9ec3be3-113d-4736-ba9d-3a8f96165c33,131576.0,1309769.0
run_workflow,1706506022.538169,1706506022.540887,d148275d,,,,,
individuals,1706504494.544398,1706504592.546179,d148275d,False,e05b68c2,0c54fc60-011a-4a43-be31-9afa552d321c,183222.0,1310268.0
individuals,1706504592.564057,1706504689.954864,d148275d,False,e05b68c2,13462278-092b-48ae-9dc2-8d753be7af1a,171394.0,1310517.0
individuals,1706503863.081233,1706503959.599847,d148275d,False,832a4801,b71758d2-fb71-49b5-997c-c7c02fc96072,145682.0,1309744.0
individuals,1706503741.287693,1706503820.636682,d148275d,True,d3408227,4d4d948f-66b5-4f49-8731-24d956a4b478,216362.0,1310508.0
individuals,1706504316.762576,1706504430.837985,d148275d,False,32597582,02b26ce5-eb15-42f2-9a07-25676748fa86,144760.0,1309910.0
individuals,1706503896.923309,1706504006.577362,6956f830,False,4ab6e661,462a958e-f73b-4834-b2c3-6580b0ebd703,130888.0,1309769.0
individuals,1706503986.322074,1706504096.678452,6956f830,True,a3558174,f6a3b04d-a4e4-448f-8584-87b168e00119,145400.0,1309817.0
individuals,1706504248.949575,1706504364.278182,6956f830,False,b5318c16,dd56af9b-4093-435e-941c-74aae93a8db5,175140.0,1310202.0
individuals,1706504656.136058,1706504767.300003,6956f830,False,628652bd,6159a387-2952-4065-a7a9-5982a1494ad1,154384.0,1309910.0
individuals,1706504333.939293,1706504451.007086,6956f830,False,a3558174,2734c631-9f94-4f72-82be-25a68f6371f9,184340.0,1310268.0
individuals,1706504339.118162,1706504459.787659,6956f830,False,4ab6e661,b9496aa8-2513-4bb0-9bd1-b0a0bd8a15e4,141986.0,1309910.0
individuals,1706503906.128673,1706504021.50181,6956f830,False,b5318c16,597cf831-f4b9-4f2b-857f-990e2d0020bc,169232.0,1310164.0
run_workflow,1706505656.156729,1706505656.158891,6956f830,,,,,
individuals,1706504089.385035,1706504199.134206,6956f830,False,628652bd,9cfe4033-7f42-4b57-8006-60a22315d7be,146612.0,1309744.0
individuals,1706504912.98742,1706505026.920315,6956f830,False,7b8d7843,53862213-3ad7-4d36-b323-d8eb76f01289,171410.0,1310517.0
individuals,1706504364.298165,1706504480.293146,6956f830,False,b5318c16,f71251b1-02bb-4093-b54e-8e48418d435b,216190.0,1310508.0
individuals,1706503907.568826,1706504009.115024,e3cf85b9,False,6721c96b,275346cb-152c-4d27-b572-b15e3ff58ce0,172014.0,1310517.0
individuals,1706504081.503975,1706504183.591326,e3cf85b9,False,c0d4c502,1b947156-31ee-4aa7-b750-b2b839b3d37c,213264.0,1310508.0
individuals,1706504325.224296,1706504428.862877,e3cf85b9,False,6cf76c68,45ced6ea-c7f5-4083-a135-f8ea0ff6bd38,132016.0,1309769.0
individuals,1706503775.367587,1706503885.549662,e3cf85b9,True,324aae64,4a0053a7-e0a6-447d-ad62-bfad31a2a1c5,154222.0,1309910.0
individuals,1706503852.908745,1706503941.546067,e3cf85b9,False,6cf76c68,88ed5f22-936e-42d4-8de1-a8326cd21493,143950.0,1309744.0
individuals,1706504355.632503,1706504484.055006,e3cf85b9,False,324aae64,ed2b3c91-16fa-4138-ade4-1b7c258c06b1,169944.0,1310164.0
individuals,1706503880.326866,1706503978.207137,e3cf85b9,False,c0d4c502,912ac2af-4d5a-44b9-9746-cb1ec9c0f34f,173452.0,1310202.0
individuals,1706504696.845828,1706504813.554164,e3cf85b9,False,6721c96b,5f01eeea-aeb6-49b4-874a-27e701338b2c,184676.0,1310268.0
individuals,1706504428.885642,1706504532.809575,e3cf85b9,False,6cf76c68,33252414-b074-4403-a303-30a0e2cec95b,145002.0,1309817.0
run_workflow,1706506236.584656,1706506236.58911,e3cf85b9,,,,,
individuals,1706504230.871909,1706504325.204269,e3cf85b9,False,6cf76c68,2e684083-4b66-4531-867a-61e117bca49c,143318.0,1309910.0
individuals,1706503959.619311,1706504056.670775,68bb2235,False,832a4801,06fcea5e-0f37-416d-bfa9-a5f7be534394,167650.0,1310164.0
run_workflow,1706506022.473476,1706506022.474523,68bb2235,,,,,
individuals,1706504811.579477,1706504916.333473,68bb2235,False,71900e4e,36ec20bd-56b2-4b48-a7db-696d974e8efb,169886.0,1310517.0
individuals,1706504399.659865,1706504494.531507,68bb2235,False,e05b68c2,b571e5b5-e2a4-4613-8d65-43ec7061f5d9,145182.0,1309817.0
individuals,1706504161.045884,1706504262.546995,68bb2235,False,832a4801,4f0fbaed-84a2-4285-b6c1-4f3e688eab03,130588.0,1309769.0
individuals,1706503737.278661,1706503847.287579,68bb2235,True,32597582,61625d91-4310-4760-bfc3-338cb906107e,146288.0,1309744.0
individuals,1706504289.456835,1706504394.810255,68bb2235,False,71900e4e,33379703-451d-44cc-8f00-bd2c2ba4dae2,213110.0,1310508.0
individuals,1706504017.565272,1706504113.860717,68bb2235,False,e05b68c2,8d1f7fa5-e5a3-43b2-b72e-de40ca12c2e4,175532.0,1310202.0
individuals,1706504304.22399,1706504399.645291,68bb2235,False,e05b68c2,e7bf78fe-7675-43fe-8eb4-db0803ad8c6b,154528.0,1309910.0
individuals,1706504916.353972,1706505023.240857,68bb2235,False,71900e4e,87ac2d28-b4c0-4b5d-ae95-c8f296da5c25,182230.0,1310268.0
individuals,1706504430.864385,1706504545.357268,68bb2235,False,32597582,334f1114-df6a-482f-bf2b-3100504707f3,145104.0,1309910.0
individuals,1706504287.274099,1706504386.577524,26473553,False,c0d4c502,51bf59ec-d38a-46b7-90b7-1425b72df4bc,214962.0,1310508.0
individuals,1706504115.922065,1706504233.659607,26473553,False,324aae64,3857e307-fcbb-4615-95b3-376ba3ed6fb5,146634.0,1309910.0
individuals,1706504241.268145,1706504348.704521,26473553,False,6721c96b,4eefca97-0a02-421f-adc4-275a9507d7bb,145496.0,1309817.0
individuals,1706503885.572532,1706503997.286394,26473553,False,324aae64,5bc7bed4-dc7d-40a4-aed5-7d407ec58803,147034.0,1309744.0
individuals,1706504233.686087,1706504355.610508,26473553,False,324aae64,0ae5dd23-9fbd-49ea-a82a-e951064f5a2d,170646.0,1310164.0
individuals,1706504726.42014,1706504863.661742,26473553,False,324aae64,5d3d60cf-8a48-4342-9917-fedcdf6b415a,131972.0,1309769.0
individuals,1706504488.281215,1706504591.061561,26473553,False,c0d4c502,b72ca776-a9d2-4715-8dba-9f55db9d353c,170722.0,1310517.0
individuals,1706504461.726014,1706504573.364406,26473553,False,7b8d7843,a774786d-1d9a-4dfd-862f-a135348728a7,175186.0,1310202.0
individuals,1706504724.423803,1706504833.815659,26473553,False,2724af61,2b434e40-ebb1-4919-831a-54811dc31454,151060.0,1309910.0
run_workflow,1706506236.541046,1706506236.547519,26473553,,,,,
individuals,1706504009.130337,1706504125.573537,26473553,False,6721c96b,4d00c987-f738-4535-a8c1-e5815a3d9646,182352.0,1310268.0
individuals,1706504591.08457,1706504696.971323,e274f3ab,False,c0d4c502,1870b78b-ad62-4fab-8474-a812bdf5d96b,169726.0,1310517.0
individuals,1706503786.366589,1706503880.312837,e274f3ab,True,c0d4c502,4905f900-93d8-41c7-a683-6ec0c6ada1c7,152364.0,1309910.0
individuals,1706504828.085618,1706504951.166178,e274f3ab,False,4ab6e661,3d6c4630-7a4b-401d-ba4c-b77041b6d476,144952.0,1309910.0
individuals,1706504128.559907,1706504230.859211,e274f3ab,False,6cf76c68,31843a9b-41fb-42e0-8b85-d1a6ca1341f0,146342.0,1309744.0
individuals,1706504034.510765,1706504128.543816,e274f3ab,False,6cf76c68,a8783952-4147-4b78-ba68-48faf61c0f8e,131074.0,1309769.0
individuals,1706504578.06052,1706504696.830478,e274f3ab,False,6721c96b,3f5a6160-8988-464b-ae55-16b45a3e75ad,184640.0,1310268.0
individuals,1706504606.342221,1706504726.398763,e274f3ab,False,324aae64,d6431cec-ea03-4a70-8414-b3920ae023e5,145872.0,1309817.0
run_workflow,1706506276.520874,1706506276.522927,e274f3ab,,,,,
individuals,1706503919.474196,1706504023.207855,e274f3ab,False,7b8d7843,9a79d377-be7a-4c07-aa3d-f0885fc14d77,174662.0,1310202.0
individuals,1706504863.686449,1706504993.052347,e274f3ab,False,324aae64,251b2e03-d7bc-4977-9345-c424b769b1de,169744.0,1310164.0
individuals,1706504386.593005,1706504488.263106,e274f3ab,False,c0d4c502,39e10528-7d7e-4b5b-9efe-41925e4ed7c8,212478.0,1310508.0
individuals,1706505270.810378,1706505372.117862,6c9fbca8,False,dcadf470,eb3deed2-a5a5-4d98-87e7-57113c90ee97,169070.0,1310164.0
individuals,1706505811.824966,1706505933.823777,6c9fbca8,False,ff19e82d,08f6c27a-9495-4701-a828-22d5118c0368,183988.0,1310268.0
individuals,1706505691.367005,1706505811.809141,6c9fbca8,False,ff19e82d,a56eb2e9-826d-475a-a9cf-c6dbf90d0788,172368.0,1310517.0
individuals,1706504960.806377,1706505078.819491,6c9fbca8,False,65e1936e,cafb4cbf-e99d-4bef-9ad5-9609238e54b8,132012.0,1309769.0
individuals,1706504967.42524,1706505067.303973,6c9fbca8,False,dcadf470,d0a095d8-f5e0-4160-8145-e6b11bce5336,154018.0,1309910.0
individuals,1706505210.647956,1706505326.817978,6c9fbca8,False,ff19e82d,a8922701-8a70-4fc1-9f80-a8b9ac0d885c,175092.0,1310202.0
individuals,1706505706.521522,1706505812.550843,6c9fbca8,False,6cf76c68,d5a8c424-52c8-4eed-a3e1-204a2881aaf6,145368.0,1309910.0
individuals,1706505281.775314,1706505395.2854,6c9fbca8,False,6cf76c68,3a36ebc7-0544-46eb-abff-e89d089ed095,146320.0,1309744.0
individuals,1706505326.83166,1706505451.933605,6c9fbca8,False,ff19e82d,94e1e0f6-25fe-41a8-b471-812dba30657a,215948.0,1310508.0
individuals,1706505570.793578,1706505691.351897,6c9fbca8,False,ff19e82d,ce6fe11c-398f-4b94-a977-a23b74919516,145464.0,1309817.0
run_workflow,1706506306.551285,1706506306.553028,6c9fbca8,,,,,
individuals,1706505286.421336,1706505412.111864,72c57d07,False,32597582,0c53cdb2-6b8c-41fd-886c-6884ffe23968,145628.0,1309910.0
individuals,1706505465.34436,1706505576.951808,72c57d07,False,8b83c375,897724e1-bda9-46ce-9fa4-88d1b0b10d31,132328.0,1309769.0
individuals,1706505163.108588,1706505286.398913,72c57d07,False,32597582,50f31a1e-9149-47f4-bc5f-f1cddcf2fbd5,147480.0,1309744.0
individuals,1706504771.092945,1706504862.132299,72c57d07,False,d92f9def,5b52dfa2-9ee8-435b-b6c6-ad5ed6864667,169218.0,1310164.0
individuals,1706505535.767266,1706505660.15018,72c57d07,False,32597582,881511b2-fabd-4138-a2a4-12d55d7802c7,153486.0,1309910.0
individuals,1706505138.126393,1706505241.664151,72c57d07,False,8b83c375,7e1bf4c3-a977-46e3-849b-97870bb9a47a,171946.0,1310517.0
individuals,1706504773.762097,1706504861.418767,72c57d07,False,8b83c375,791d5ece-cdd4-48f5-b65f-98d3633d078e,175562.0,1310202.0
individuals,1706504673.698245,1706504771.0759,72c57d07,True,d92f9def,c4427fd3-d630-4810-9b8c-527252ff241b,146246.0,1309817.0
run_workflow,1706506022.833701,1706506022.834888,72c57d07,,,,,
individuals,1706504861.432428,1706504951.165612,72c57d07,False,8b83c375,99a0d39d-c7ba-484c-b41d-0cda42716998,216044.0,1310508.0
individuals,1706505349.777429,1706505465.329877,72c57d07,False,8b83c375,76ffd425-48eb-440b-968c-e6f5eb98ea4d,184374.0,1310268.0
individuals,1706505174.89956,1706505279.359329,20f8ead2,False,fc215d38,d47c4fbc-f8f0-48ca-8de6-6fbfcf01823e,169346.0,1310517.0
individuals,1706505477.120426,1706505583.163769,20f8ead2,False,dcadf470,452fffbe-6004-4f5f-a888-8858a4864c71,169126.0,1310164.0
individuals,1706505583.183139,1706505699.817648,20f8ead2,False,dcadf470,2e06fd54-5adb-46a6-9812-9dc2384f4aef,175752.0,1310202.0
individuals,1706504755.655179,1706504861.150949,20f8ead2,True,dcadf470,7a5d5749-8569-49ea-ba12-e99a58c9ac32,153734.0,1309910.0
individuals,1706505699.832534,1706505811.722135,20f8ead2,False,dcadf470,542d3617-9a40-47cc-b989-eafccda5b100,216018.0,1310508.0
individuals,1706505502.951716,1706505604.848047,20f8ead2,False,6cf76c68,f4a20567-06e5-4e6b-9fff-7b6b024e206d,145674.0,1309910.0
individuals,1706505065.757346,1706505168.929837,20f8ead2,False,6cf76c68,886a4419-dce6-466a-b24d-7cd66c72de49,145324.0,1309744.0
individuals,1706505317.548355,1706505435.935663,20f8ead2,False,65e1936e,6531e997-7cb7-4551-b58e-27be0d99b65e,145868.0,1309817.0
run_workflow,1706506286.523787,1706506286.526485,20f8ead2,,,,,
individuals,1706505604.071161,1706505718.378139,20f8ead2,False,fc215d38,36e24afe-4ab8-4fc8-8436-979456bb1ba3,130908.0,1309769.0
individuals,1706505098.185144,1706505210.627197,20f8ead2,False,ff19e82d,1cb80ae1-3082-4fc2-8af9-3e145feeb00d,183018.0,1310268.0
individuals,1706505161.722577,1706505277.033092,c4afea55,False,6721c96b,a689b261-6d21-4201-b4aa-dd709857dbd4,175708.0,1310202.0
individuals,1706504762.350318,1706504866.824251,c4afea55,False,88c8eec5,bafa858c-a81c-4505-aed5-2a1996400c47,145996.0,1309817.0
individuals,1706504866.845157,1706504968.367329,c4afea55,False,88c8eec5,259bbc96-b9cf-4c4f-9939-b3f5efc27b7e,131538.0,1309769.0
individuals,1706504662.397218,1706504762.328337,c4afea55,False,88c8eec5,b383c44c-a7ff-44b8-b6b0-251c82bfd097,215474.0,1310508.0
individuals,1706504554.371694,1706504662.376821,c4afea55,False,88c8eec5,0de849d4-9d1b-4380-b853-2b23e3b660fb,155542.0,1309910.0
individuals,1706504968.395867,1706505072.433017,c4afea55,False,88c8eec5,d8d27944-257f-489b-bd20-0a5c207be763,183948.0,1310268.0
individuals,1706505145.523731,1706505258.493144,c4afea55,False,7b8d7843,362f5937-49be-480b-897d-1e014953cc24,145048.0,1309910.0
individuals,1706505277.048816,1706505397.017624,c4afea55,False,6721c96b,dbfd9e68-de4b-452a-86a4-b6571038dbc1,172434.0,1310517.0
individuals,1706505411.45803,1706505531.750206,c4afea55,False,a3558174,0496d35a-6443-46a1-8d41-6c33c067b75c,147450.0,1309744.0
run_workflow,1706505657.029562,1706505657.030679,c4afea55,,,,,
individuals,1706504452.930954,1706504554.352465,c4afea55,True,88c8eec5,099c4b6f-dc12-4b5c-830d-0bfcc032b056,169940.0,1310164.0
individuals,1706504182.361498,1706504289.862322,3cfb1c0a,False,2724af61,99890e10-784b-4273-8bb7-ddb33d304a92,127524.0,1309769.0
individuals,1706503685.635912,1706503781.024767,3cfb1c0a,False,2724af61,f176f48b-4d4f-4f79-b6f8-57ed1f029e5f,140396.0,1309744.0
individuals,1706504997.975811,1706505113.641736,3cfb1c0a,False,628652bd,c63ca0fa-86e3-45d2-8c21-c2319c2faedd,174750.0,1310202.0
individuals,1706504397.685876,1706504503.634167,3cfb1c0a,False,2724af61,52b797b0-3dd5-48f1-b59f-a6bf35b54554,142760.0,1309910.0
run_workflow,1706505656.312551,1706505656.314886,3cfb1c0a,,,,,
individuals,1706504682.69489,1706504798.119974,3cfb1c0a,False,7b8d7843,bb8693c9-9d01-4e3a-8373-a70bdf30ef32,183188.0,1310268.0
individuals,1706503683.46343,1706503796.418767,3cfb1c0a,True,b5318c16,9eea3070-bb5d-44f2-9cc8-2a81ef2fcc97,216270.0,1310508.0
individuals,1706504585.177083,1706504709.387147,3cfb1c0a,False,4ab6e661,d76420a5-6328-4eae-b089-05e9882fa387,170144.0,1310164.0
individuals,1706503781.050308,1706503881.220438,3cfb1c0a,False,2724af61,9451db65-a41d-4cfe-919d-4a5b953fae92,138352.0,1309817.0
individuals,1706504314.604699,1706504429.834105,3cfb1c0a,False,628652bd,f1788b94-e266-4b19-8eb9-73716ba7ede6,154654.0,1309910.0
individuals,1706504021.519707,1706504138.360024,3cfb1c0a,False,b5318c16,f66868db-a37e-4b93-8782-738acf7a42a2,171816.0,1310517.0
individuals,1706504951.1901,1706505040.635323,e3ebed87,False,8b83c375,852a7165-819f-4921-b28b-490e995a6f0c,144990.0,1309817.0
run_workflow,1706506022.881075,1706506022.882199,e3ebed87,,,,,
individuals,1706505576.968866,1706505681.387589,e3ebed87,False,8b83c375,2711e477-71d1-4523-b5a3-51feb3e8e02b,170268.0,1310164.0
individuals,1706504911.844408,1706505040.713849,e3ebed87,False,32597582,c07321e0-498a-413a-9a1a-3dbe4c9eca4c,145750.0,1309744.0
individuals,1706505241.689771,1706505349.757351,e3ebed87,False,8b83c375,bca6eacb-d46d-4586-8179-c985807ce9a1,174360.0,1310202.0
individuals,1706505040.741501,1706505163.086023,e3ebed87,False,32597582,d4cda5fc-2631-48a8-85e5-51cc2334e59f,144180.0,1309910.0
individuals,1706504673.173303,1706504773.73867,e3ebed87,True,8b83c375,3370b659-1a85-4601-99cc-b09ee0a8977f,170972.0,1310517.0
individuals,1706505782.633256,1706505906.156929,e3ebed87,False,32597582,254d8668-8cb9-42ac-85e1-f86c3092c208,215544.0,1310508.0
individuals,1706505660.171063,1706505782.611074,e3ebed87,False,32597582,86595721-8552-467a-9cfa-507bce469e51,130058.0,1309769.0
individuals,1706505040.65305,1706505138.110578,e3ebed87,False,8b83c375,a12b0363-8e0d-496b-869d-82328e78c70c,183302.0,1310268.0
individuals,1706505412.135063,1706505535.746479,e3ebed87,False,32597582,a8443912-f025-44c7-b8a6-692f027a19cc,154366.0,1309910.0
